,prepost,synapse_id,synapse_x,synapse_y,synapse_z,synapse_size,segment_id
0,presyn,483766883,1488728,621944,1110480,4384,864691135510518224
1,presyn,478550136,1485480,626880,1111240,2068,864691135510518224
2,presyn,480939462,1481320,565104,1111800,11064,864691135510518224
3,presyn,479220146,1482788,601920,1054840,8636,864691135510518224
4,presyn,468794187,1454888,618200,1093960,3516,864691135510518224
5,presyn,476011367,1470832,608320,1075360,13224,864691135510518224
6,presyn,481606274,1482832,643008,1112080,6400,864691135510518224
7,presyn,488882555,1512096,575736,1040160,3004,864691135510518224
8,presyn,493424091,1527584,518936,1108160,2240,864691135510518224
9,presyn,478550465,1486832,623032,1111720,3468,864691135510518224
10,presyn,478550457,1486980,623436,1111920,5480,864691135510518224
11,presyn,488395887,1518200,598544,1106320,1756,864691135510518224
12,presyn,478550779,1487984,622656,1111000,192,864691135510518224
13,presyn,466546956,1448008,638896,1094800,4968,864691135510518224
14,presyn,498933036,1564416,577920,1066400,15816,864691135510518224
15,presyn,486009536,1503488,605712,1096960,4900,864691135510518224
16,presyn,490057853,1504896,605088,1095480,1964,864691135510518224
17,presyn,469700270,1444728,624896,1098720,2140,864691135510518224
18,presyn,481443126,1481272,582272,1083680,5088,864691135510518224
19,presyn,469699724,1440728,626512,1099360,3076,864691135510518224
20,presyn,466481524,1449936,655136,1108960,4240,864691135510518224
21,presyn,466142935,1446408,612480,1098800,7908,864691135510518224
22,presyn,469345183,1450048,625200,1094800,19912,864691135510518224
23,presyn,466546101,1444432,643816,1091360,6580,864691135510518224
24,presyn,469700579,1447280,625216,1097280,2148,864691135510518224
25,presyn,488882735,1512952,569604,1035840,1320,864691135510518224
26,presyn,488882443,1511488,585776,1035120,5000,864691135510518224
27,presyn,488882773,1513112,571520,1036880,4484,864691135510518224
28,presyn,488882803,1513216,569728,1035600,7544,864691135510518224
29,presyn,491392351,1524952,560864,1045760,8640,864691135510518224
30,presyn,476009824,1461744,610976,1082560,15128,864691135510518224
31,presyn,493915101,1522240,558024,1113600,1084,864691135510518224
32,presyn,488230664,1520776,561960,1028360,18324,864691135510518224
33,presyn,478560052,1475800,605048,1060480,8540,864691135510518224
34,presyn,469724537,1450648,636056,1099080,2888,864691135510518224
35,presyn,466482334,1451624,657184,1110360,2752,864691135510518224
36,presyn,462511817,1437320,627276,1098360,1924,864691135510518224
37,presyn,488899341,1510976,576976,1105000,896,864691135510518224
38,presyn,490219977,1513160,601312,1101760,3600,864691135510518224
39,presyn,486011890,1497972,608548,1091360,10376,864691135510518224
40,presyn,488395832,1517944,598208,1106720,6020,864691135510518224
41,presyn,492383580,1521232,561592,1028000,2264,864691135510518224
42,presyn,478560128,1476120,604992,1061400,884,864691135510518224
43,presyn,465962323,1453400,623976,1106240,4304,864691135510518224
44,presyn,486176218,1502856,586732,1042720,15624,864691135510518224
45,presyn,469701556,1453368,619736,1096480,10956,864691135510518224
46,presyn,472895032,1458592,617896,1106440,4524,864691135510518224
47,presyn,475451670,1456188,616416,1088960,5680,864691135510518224
48,presyn,486007750,1495680,608472,1098960,2648,864691135510518224
49,presyn,481607093,1486072,649264,1113040,6296,864691135510518224
50,presyn,466144915,1454096,617896,1099680,8440,864691135510518224
51,presyn,486175826,1498968,593168,1042360,9384,864691135510518224
52,presyn,490059469,1510524,604340,1099720,7216,864691135510518224
53,presyn,469701940,1455128,624968,1100000,11484,864691135510518224
54,presyn,472894484,1456080,618168,1107640,6228,864691135510518224
55,presyn,481004674,1487760,612336,1082400,7408,864691135510518224
56,presyn,498933071,1564416,578224,1066600,2380,864691135510518224
57,presyn,471554684,1455912,621788,1100880,9432,864691135510518224
58,presyn,475476664,1457104,616480,1100960,1172,864691135510518224
59,presyn,472837231,1471760,630336,1065560,3588,864691135510518224
60,presyn,469724639,1451192,648392,1103760,7764,864691135510518224
61,presyn,469724541,1450736,650496,1103600,23840,864691135510518224
62,postsyn,488967764,1510064,611752,1072520,5588,864691135510518224
63,postsyn,478550766,1488092,622380,1108720,6644,864691135510518224
64,postsyn,493806807,1532888,605936,1081040,5904,864691135510518224
65,postsyn,492120792,1532984,624768,1068320,6332,864691135510518224
66,postsyn,498412995,1560488,577688,1061200,4648,864691135510518224
67,postsyn,494565947,1540720,602080,1079600,1500,864691135510518224
68,postsyn,473336893,1465992,643228,1097920,2148,864691135510518224
69,postsyn,488933653,1518080,570976,1108520,9988,864691135510518224
70,postsyn,477550189,1474424,605200,1109200,3724,864691135510518224
71,postsyn,487803812,1512824,534488,1107320,480,864691135510518224
72,postsyn,492120846,1533208,628864,1070200,4664,864691135510518224
73,postsyn,492120874,1533376,628504,1069160,6252,864691135510518224
74,postsyn,485974764,1491384,637020,1073600,3084,864691135510518224
75,postsyn,483710610,1492560,602408,1080840,1448,864691135510518224
76,postsyn,498412955,1560176,579208,1061960,932,864691135510518224
77,postsyn,498413021,1560640,579832,1062480,4536,864691135510518224
78,postsyn,471557152,1470200,628216,1102200,752,864691135510518224
79,postsyn,494838931,1551136,595888,1070440,16900,864691135510518224
80,postsyn,469701820,1454576,625696,1100000,24956,864691135510518224
81,postsyn,493424957,1532272,519080,1108880,6048,864691135510518224
82,postsyn,477550313,1474920,614540,1108680,5620,864691135510518224
83,postsyn,478881248,1487008,587528,1096120,316,864691135510518224
84,postsyn,487457156,1510880,555976,1104040,1024,864691135510518224
85,postsyn,494969948,1540864,506528,1109280,21620,864691135510518224
86,postsyn,477550559,1475984,615032,1108120,3044,864691135510518224
87,postsyn,477550625,1476392,614584,1110920,1668,864691135510518224
88,postsyn,487456165,1506496,564024,1104920,7344,864691135510518224
89,postsyn,466621268,1453808,642368,1080240,5752,864691135510518224
90,postsyn,469701888,1454832,623680,1101840,2608,864691135510518224
91,postsyn,493915991,1527768,559472,1111520,3216,864691135510518224
92,postsyn,493915973,1527624,560616,1110040,5460,864691135510518224
93,postsyn,469345618,1454520,631624,1092080,2752,864691135510518224
94,postsyn,469701355,1452328,632172,1096120,1328,864691135510518224
95,postsyn,469701227,1451856,630748,1097840,8616,864691135510518224
96,postsyn,488160814,1511168,556792,1105200,2680,864691135510518224
97,postsyn,477536575,1488284,606164,1102760,1648,864691135510518224
98,postsyn,482532171,1495912,566848,1112760,5732,864691135510518224
99,postsyn,482533513,1503056,563280,1106080,3196,864691135510518224
100,postsyn,488903456,1514648,614784,1062720,6744,864691135510518224
101,postsyn,493425460,1535384,514992,1108320,8284,864691135510518224
102,postsyn,488235219,1518704,551072,1105880,2052,864691135510518224
103,postsyn,478550176,1485776,632280,1111520,5440,864691135510518224
104,postsyn,478549612,1483652,632116,1111680,11996,864691135510518224
105,postsyn,485976460,1494680,638064,1070120,8824,864691135510518224
106,postsyn,481443683,1484784,580904,1078320,2808,864691135510518224
107,postsyn,466547506,1453136,639152,1084320,20768,864691135510518224
108,postsyn,478549671,1483832,633344,1111640,3252,864691135510518224
109,postsyn,488232745,1507628,538820,1107040,1596,864691135510518224
110,postsyn,490244027,1518312,608568,1090920,2556,864691135510518224
111,postsyn,471802361,1462584,640880,1109120,2896,864691135510518224
112,postsyn,498932151,1558384,580560,1064760,2036,864691135510518224
113,postsyn,493735037,1526896,523600,1105720,5876,864691135510518224
114,postsyn,471802163,1461736,638872,1109000,13320,864691135510518224
115,postsyn,480829203,1487672,583864,1049640,416,864691135510518224
116,postsyn,480319434,1487752,584464,1072960,3640,864691135510518224
117,postsyn,494839249,1552544,594328,1069240,608,864691135510518224
118,postsyn,477550201,1474464,617600,1107680,3336,864691135510518224
119,postsyn,471732498,1469568,621432,1108800,13888,864691135510518224
120,postsyn,477549696,1472376,608696,1109320,7040,864691135510518224
121,postsyn,477550642,1476464,616120,1107640,1536,864691135510518224
122,postsyn,477550283,1474812,614080,1112600,2312,864691135510518224
123,postsyn,471557115,1469904,625416,1104520,808,864691135510518224
124,postsyn,477550435,1475432,615288,1109080,4780,864691135510518224
125,postsyn,490244032,1518368,605376,1090960,2516,864691135510518224
126,postsyn,471556763,1466912,631160,1100960,3476,864691135510518224
127,postsyn,480860185,1485672,630568,1086720,2432,864691135510518224
128,postsyn,478344942,1476180,581752,1110120,2084,864691135510518224
129,postsyn,488967190,1506616,609328,1074120,1968,864691135510518224
130,postsyn,486009181,1502024,608440,1099040,11972,864691135510518224
131,postsyn,490057920,1505296,606836,1098440,696,864691135510518224
132,postsyn,483596990,1494688,575576,1107600,1344,864691135510518224
133,postsyn,483596884,1494584,577480,1107800,16244,864691135510518224
134,postsyn,488340017,1520184,619632,1056160,14344,864691135510518224
135,postsyn,488967766,1510168,612912,1070200,10812,864691135510518224
136,postsyn,477536108,1486568,613120,1103720,2868,864691135510518224
137,postsyn,466144823,1453624,617960,1101480,6184,864691135510518224
138,postsyn,488967565,1508448,610968,1072080,3596,864691135510518224
139,postsyn,486006520,1490688,607472,1100520,7360,864691135510518224
140,postsyn,477536142,1486744,616232,1103960,9188,864691135510518224
141,postsyn,482469203,1491056,599880,1087000,4832,864691135510518224
142,postsyn,472947422,1457448,631288,1091880,9768,864691135510518224
143,postsyn,485974994,1492576,639560,1069960,6156,864691135510518224
144,postsyn,493425013,1532816,519512,1108440,23500,864691135510518224
145,postsyn,484879971,1497296,547032,1106040,4100,864691135510518224
146,postsyn,494566953,1544808,597664,1075680,19956,864691135510518224
147,postsyn,493752233,1526760,533056,1095560,10360,864691135510518224
148,postsyn,469345575,1454168,634712,1090440,2476,864691135510518224
149,postsyn,494838641,1549672,596576,1072560,1024,864691135510518224
150,postsyn,487802667,1508552,536168,1107880,1708,864691135510518224
151,postsyn,482531995,1494376,555668,1106080,8756,864691135510518224
152,postsyn,488200436,1519952,541392,1103320,6824,864691135510518224
153,postsyn,484879866,1496016,549384,1107040,7912,864691135510518224
154,postsyn,480940365,1487296,561680,1108000,5960,864691135510518224
155,postsyn,469701212,1451792,627720,1099920,2268,864691135510518224
156,postsyn,485836278,1488752,583464,1066720,3064,864691135510518224
157,postsyn,484589878,1490576,582904,1052360,20604,864691135510518224
158,postsyn,484589733,1489592,581576,1047240,4672,864691135510518224
159,postsyn,482547007,1488952,591388,1104720,500,864691135510518224
160,postsyn,477363177,1485808,596316,1108080,5080,864691135510518224
161,postsyn,482546961,1488744,593992,1102280,3788,864691135510518224
162,postsyn,482547009,1489052,592864,1103760,4436,864691135510518224
163,postsyn,482547105,1489712,592160,1104280,1524,864691135510518224
164,postsyn,483706549,1488656,584152,1099440,176,864691135510518224
165,postsyn,482546943,1488576,600520,1100400,2164,864691135510518224
166,postsyn,482547254,1490808,591232,1104280,4068,864691135510518224
167,postsyn,482547490,1492672,588568,1104560,4384,864691135510518224
168,postsyn,477363412,1488164,588160,1113240,1832,864691135510518224
169,postsyn,482737349,1491152,588624,1111760,748,864691135510518224
170,postsyn,482737477,1492056,588368,1110920,4516,864691135510518224
171,postsyn,482738142,1494400,587536,1108800,6076,864691135510518224
172,postsyn,486025462,1488664,579920,1042960,2836,864691135510518224
173,postsyn,481364718,1482920,584696,1087760,11592,864691135510518224
174,postsyn,482546927,1488576,592624,1095440,19016,864691135510518224
175,postsyn,480235900,1485024,584744,1056200,1424,864691135510518224
176,postsyn,483706856,1489980,584880,1098320,1548,864691135510518224
177,postsyn,483707003,1490728,583804,1100120,9312,864691135510518224
178,postsyn,477363400,1488080,586552,1111440,5496,864691135510518224
179,postsyn,478344569,1474784,576984,1110480,6328,864691135510518224
180,postsyn,478344578,1474752,574936,1111880,3832,864691135510518224
181,postsyn,478344507,1474480,581880,1111000,664,864691135510518224
182,postsyn,478880575,1483296,590376,1097120,14040,864691135510518224
183,postsyn,477550251,1474688,617240,1105920,3804,864691135510518224
184,postsyn,478880177,1481488,586632,1101280,928,864691135510518224
185,postsyn,483711518,1497304,605104,1079480,1164,864691135510518224
186,postsyn,477550012,1473488,605992,1109960,828,864691135510518224
187,postsyn,477363062,1483908,598272,1109840,9164,864691135510518224
188,postsyn,477551733,1487120,602272,1105720,2128,864691135510518224
189,postsyn,478881020,1485464,593096,1098880,6080,864691135510518224
190,postsyn,478881082,1485868,592652,1101280,2584,864691135510518224
191,postsyn,482468770,1488800,593552,1093640,3776,864691135510518224
192,postsyn,482547082,1489624,591936,1096600,7584,864691135510518224
193,postsyn,482547194,1490416,591072,1097000,4924,864691135510518224
194,postsyn,482547318,1491552,590396,1098520,8304,864691135510518224
195,postsyn,482547463,1492416,588952,1102160,2656,864691135510518224
196,postsyn,482547532,1492864,587976,1104160,2356,864691135510518224
197,postsyn,482737792,1493164,587744,1105760,4992,864691135510518224
198,postsyn,482737867,1493488,588064,1107480,3436,864691135510518224
199,postsyn,482737900,1493624,588152,1108440,3764,864691135510518224
200,postsyn,488900485,1516096,571264,1104960,5076,864691135510518224
201,postsyn,488967921,1511184,610640,1069160,19720,864691135510518224
202,postsyn,488970199,1517568,613672,1064520,2424,864691135510518224
203,postsyn,482547337,1491480,590880,1103520,348,864691135510518224
204,postsyn,482547067,1489456,593048,1103320,2644,864691135510518224
205,postsyn,471730519,1461120,632872,1112720,4176,864691135510518224
206,postsyn,475477284,1460624,615080,1102560,12932,864691135510518224
207,postsyn,481364417,1481648,584632,1090520,10536,864691135510518224
208,postsyn,471802897,1465152,642152,1107800,13812,864691135510518224
209,postsyn,494838057,1547072,597760,1073920,8824,864691135510518224
210,postsyn,472134056,1465364,577252,1113800,2212,864691135510518224
211,postsyn,472134187,1466248,577752,1113200,5648,864691135510518224
212,postsyn,472134196,1466204,576268,1113560,1992,864691135510518224
213,postsyn,472134749,1469800,582120,1111960,5096,864691135510518224
214,postsyn,472134140,1465904,578764,1113320,2748,864691135510518224
215,postsyn,472134052,1465284,582476,1114000,1968,864691135510518224
216,postsyn,472134224,1466344,582456,1113400,2932,864691135510518224
217,postsyn,471731556,1465308,623712,1110440,23820,864691135510518224
218,postsyn,471731589,1465240,625304,1110320,11996,864691135510518224
219,postsyn,471731402,1464424,631896,1109000,4540,864691135510518224
220,postsyn,471731271,1463872,629240,1108280,4584,864691135510518224
221,postsyn,481443565,1483992,583136,1081960,1060,864691135510518224
222,postsyn,481607436,1487408,638064,1110640,10484,864691135510518224
223,postsyn,484881281,1504544,540616,1106280,464,864691135510518224
224,postsyn,488232403,1506168,541728,1106240,12424,864691135510518224
225,postsyn,482428188,1499640,565200,1104840,10048,864691135510518224
226,postsyn,484879718,1493728,552760,1106520,9304,864691135510518224
227,postsyn,488232227,1505376,541256,1107960,14144,864691135510518224
228,postsyn,475990671,1468744,651376,1088080,160,864691135510518224
229,postsyn,484881142,1504032,540904,1106200,3136,864691135510518224
230,postsyn,484880771,1502268,542788,1106800,27228,864691135510518224
231,postsyn,484195179,1497952,566472,1024200,10936,864691135510518224
232,postsyn,484195154,1497912,568392,1027360,12560,864691135510518224
233,postsyn,493733931,1522600,529824,1107360,1572,864691135510518224
234,postsyn,494968933,1538600,513016,1109320,4092,864691135510518224
235,postsyn,493735374,1528664,521256,1105440,6836,864691135510518224
236,postsyn,494968911,1538600,515592,1109360,5528,864691135510518224
237,postsyn,493735187,1527600,520648,1108080,7312,864691135510518224
238,postsyn,482469082,1490424,598792,1087520,2656,864691135510518224
239,postsyn,482468868,1489280,598776,1088200,2560,864691135510518224
240,postsyn,475477345,1460952,611536,1099800,2924,864691135510518224
241,postsyn,488232939,1508632,539680,1108800,10528,864691135510518224
242,postsyn,480236266,1486576,585008,1063400,3388,864691135510518224
243,postsyn,488932644,1514040,571696,1106440,1268,864691135510518224
244,postsyn,478345653,1479152,583664,1107080,1248,864691135510518224
245,postsyn,478345792,1479984,584384,1105840,3632,864691135510518224
246,postsyn,482546954,1488920,588324,1095440,7608,864691135510518224
247,postsyn,471555121,1458016,620584,1102720,164,864691135510518224
248,postsyn,471554819,1456504,622704,1104480,4796,864691135510518224
249,postsyn,493900234,1525368,537104,1099120,5080,864691135510518224
250,postsyn,471554844,1456588,621576,1100920,1752,864691135510518224
251,postsyn,482531469,1488760,560848,1107520,2988,864691135510518224
252,postsyn,488932825,1514864,569848,1105600,3896,864691135510518224
253,postsyn,488900753,1517296,569488,1105000,2904,864691135510518224
254,postsyn,482531713,1491824,556352,1107960,22680,864691135510518224
255,postsyn,482531441,1488496,560564,1107160,1792,864691135510518224
256,postsyn,469701494,1452984,626216,1098920,3744,864691135510518224
257,postsyn,471556830,1467672,627328,1101280,1800,864691135510518224
258,postsyn,471556935,1468344,625640,1102840,2812,864691135510518224
259,postsyn,487802270,1507096,535960,1107480,2056,864691135510518224
260,postsyn,477536315,1487344,610648,1104680,3276,864691135510518224
261,postsyn,483710932,1494444,604760,1079160,26352,864691135510518224
262,postsyn,487805287,1519136,532776,1108600,3404,864691135510518224
263,postsyn,497928368,1555144,589384,1071160,3008,864691135510518224
264,postsyn,482531668,1491160,557496,1107320,5628,864691135510518224
265,postsyn,478701842,1481744,585880,1087440,3012,864691135510518224
266,postsyn,482532424,1497960,568880,1107000,524,864691135510518224
267,postsyn,466621284,1453832,642712,1080240,2164,864691135510518224
268,postsyn,480708505,1485564,651536,1113920,21628,864691135510518224
269,postsyn,488904437,1520392,616496,1058200,5744,864691135510518224
270,postsyn,492053395,1527088,621856,1054640,5932,864691135510518224
271,postsyn,477535993,1486184,602224,1103520,1024,864691135510518224
272,postsyn,482468817,1488968,597072,1088000,3580,864691135510518224
273,postsyn,478880249,1481752,587568,1101160,2872,864691135510518224
274,postsyn,486006561,1490760,609792,1098240,4196,864691135510518224
275,postsyn,477550369,1475160,604136,1110720,3180,864691135510518224
276,postsyn,483707142,1491368,581912,1101520,8852,864691135510518224
277,postsyn,485836427,1489720,582856,1069520,2672,864691135510518224
278,postsyn,477362381,1476196,602548,1110680,19444,864691135510518224
279,postsyn,478881228,1486920,600208,1102000,5432,864691135510518224
280,postsyn,484589943,1490720,581920,1045840,5004,864691135510518224
281,postsyn,483965740,1498420,547148,1103760,27512,864691135510518224
282,postsyn,486025623,1489320,577648,1041080,3344,864691135510518224
283,postsyn,486025631,1489352,578800,1042720,1696,864691135510518224
284,postsyn,480319441,1487792,582344,1068160,2168,864691135510518224
285,postsyn,478881328,1487664,592552,1096120,3816,864691135510518224
286,postsyn,488159486,1505312,564680,1108080,8452,864691135510518224
287,postsyn,483767064,1489568,621256,1109760,16100,864691135510518224
288,postsyn,478345688,1479352,584680,1106080,4928,864691135510518224
289,postsyn,483597006,1494744,574380,1107920,6884,864691135510518224
290,postsyn,487802787,1509380,533984,1110040,32576,864691135510518224
291,postsyn,487805186,1518696,531560,1109600,9344,864691135510518224
292,postsyn,493733585,1521192,529128,1109360,8684,864691135510518224
293,postsyn,481606838,1484880,649288,1112680,4564,864691135510518224
294,postsyn,479461640,1483304,629992,1083840,2748,864691135510518224
295,postsyn,479461909,1486568,633328,1082200,22216,864691135510518224
296,postsyn,488232659,1507376,540692,1107520,11568,864691135510518224
297,postsyn,494968797,1538016,515256,1110600,5892,864691135510518224
298,postsyn,480319225,1486720,582512,1065560,9976,864691135510518224
299,postsyn,480939543,1481728,566848,1111720,27704,864691135510518224
300,postsyn,488968179,1512688,613728,1066240,3440,864691135510518224
301,postsyn,488968002,1511592,613392,1069560,3288,864691135510518224
302,postsyn,482469099,1490424,598560,1085760,3224,864691135510518224
303,postsyn,480687073,1488096,577960,1038200,1332,864691135510518224
304,postsyn,480236014,1485520,582944,1056320,1740,864691135510518224
305,postsyn,494839126,1552032,596048,1072520,2284,864691135510518224
306,postsyn,494838960,1551192,595048,1070760,2164,864691135510518224
307,postsyn,482468976,1489984,593528,1093400,18020,864691135510518224
308,postsyn,493914915,1521288,564280,1109840,924,864691135510518224
309,postsyn,466547546,1453752,634904,1088000,7696,864691135510518224
310,postsyn,471556541,1465632,634824,1098840,1580,864691135510518224
311,postsyn,473336641,1465124,637636,1097840,1336,864691135510518224
312,postsyn,494839508,1553720,595712,1072320,4020,864691135510518224
313,postsyn,472854153,1467848,650312,1089560,9612,864691135510518224
314,postsyn,478344123,1472916,576592,1114000,3552,864691135510518224
315,postsyn,478344631,1475052,580384,1111000,4820,864691135510518224
316,postsyn,478359646,1481728,585896,1102240,7144,864691135510518224
317,postsyn,478880800,1484208,589752,1098440,3492,864691135510518224
318,postsyn,478880918,1484824,590800,1096800,5852,864691135510518224
319,postsyn,472134876,1470440,572264,1114080,1796,864691135510518224
320,postsyn,472134839,1470444,575288,1111720,7148,864691135510518224
321,postsyn,472134966,1470972,582260,1114280,2904,864691135510518224
322,postsyn,478344704,1475428,582716,1113280,4984,864691135510518224
323,postsyn,478344033,1472440,582088,1111920,3204,864691135510518224
324,postsyn,478344180,1473184,581880,1112000,4556,864691135510518224
325,postsyn,478345450,1478304,583216,1107480,2172,864691135510518224
326,postsyn,482469460,1492164,598800,1086680,540,864691135510518224
327,postsyn,493807602,1537108,606104,1080640,500,864691135510518224
328,postsyn,493806928,1533344,604648,1080520,4268,864691135510518224
329,postsyn,496019394,1539184,605960,1079320,15664,864691135510518224
330,postsyn,483712177,1500784,607816,1078160,4104,864691135510518224
331,postsyn,478880573,1483200,588344,1099680,3808,864691135510518224
332,postsyn,479386399,1486828,637828,1079800,2864,864691135510518224
333,postsyn,487457421,1512040,558472,1104760,4496,864691135510518224
334,postsyn,493806711,1532376,604664,1081960,4304,864691135510518224
335,postsyn,473338008,1468680,645152,1095760,4904,864691135510518224
336,postsyn,481606420,1483280,639576,1111880,5972,864691135510518224
337,postsyn,481606119,1482320,642072,1112520,20560,864691135510518224
338,postsyn,481606729,1484276,646452,1112320,496,864691135510518224
339,postsyn,481606629,1483928,644064,1112440,2600,864691135510518224
340,postsyn,481606634,1483912,643040,1111480,376,864691135510518224
341,postsyn,481606948,1485320,645216,1111600,2032,864691135510518224
342,postsyn,493669974,1522592,607688,1084760,4300,864691135510518224
343,postsyn,466547458,1452616,636896,1085360,21220,864691135510518224
344,postsyn,472897602,1469048,608480,1107240,10152,864691135510518224
345,postsyn,493669832,1521792,606360,1085680,1476,864691135510518224
346,postsyn,494839320,1552832,593648,1072560,1740,864691135510518224
347,postsyn,481606849,1484856,648092,1112720,1260,864691135510518224
348,postsyn,481606971,1485492,647028,1112840,1968,864691135510518224
349,postsyn,484881144,1504144,539056,1105520,24628,864691135510518224
350,postsyn,478880896,1484688,589836,1099440,2112,864691135510518224
351,postsyn,480235875,1484968,584768,1059360,3792,864691135510518224
352,postsyn,479386197,1484648,636736,1082000,9116,864691135510518224
353,postsyn,479461760,1485224,634136,1081000,9328,864691135510518224
354,postsyn,478880652,1483504,588032,1098720,1768,864691135510518224
355,postsyn,478881005,1485264,588944,1099760,1384,864691135510518224
356,postsyn,478881124,1486096,586400,1099680,5672,864691135510518224
357,postsyn,478360101,1483296,585568,1096960,2436,864691135510518224
358,postsyn,478345529,1479024,585084,1112680,12420,864691135510518224
359,postsyn,478344644,1475100,582824,1113600,1424,864691135510518224
360,postsyn,498932252,1559032,584320,1066680,2496,864691135510518224
361,postsyn,494838656,1549696,597896,1073960,420,864691135510518224
362,postsyn,498412830,1559376,580272,1063040,4752,864691135510518224
363,postsyn,492052177,1523988,620376,1055200,2072,864691135510518224
364,postsyn,477550534,1475972,617216,1106080,10900,864691135510518224
365,postsyn,486006590,1490808,614320,1095080,1940,864691135510518224
366,postsyn,478550604,1487448,624152,1110320,2276,864691135510518224
367,postsyn,480860136,1485512,621456,1087120,3604,864691135510518224
368,postsyn,486010441,1490808,616640,1091520,15196,864691135510518224
369,postsyn,494839167,1552208,593952,1069880,2600,864691135510518224
370,postsyn,488969274,1515696,612288,1065760,8436,864691135510518224
371,postsyn,490060287,1513928,605568,1097920,8540,864691135510518224
372,postsyn,492054349,1528656,622312,1060640,4592,864691135510518224
373,postsyn,493915037,1522176,560928,1111080,20860,864691135510518224
374,postsyn,485976339,1494064,637896,1070440,19684,864691135510518224
375,postsyn,481443304,1482304,585064,1083160,16512,864691135510518224
376,postsyn,472854202,1468040,647512,1092640,8972,864691135510518224
377,postsyn,473338408,1469632,645152,1095400,18008,864691135510518224
378,postsyn,483712637,1503356,608356,1076240,1144,864691135510518224
379,postsyn,488969046,1514376,613384,1065760,232,864691135510518224
380,postsyn,488970006,1516684,614528,1064400,4284,864691135510518224
381,postsyn,477550619,1476384,614816,1110880,5112,864691135510518224
382,postsyn,482739198,1498684,588680,1110480,204,864691135510518224
383,postsyn,486025494,1488904,576576,1035600,12052,864691135510518224
384,postsyn,481444066,1487368,581328,1074800,14828,864691135510518224
385,postsyn,478361117,1487568,584616,1099600,4012,864691135510518224
386,postsyn,478881330,1487700,594880,1099640,4464,864691135510518224
387,postsyn,478344713,1475292,581652,1110680,2316,864691135510518224
388,postsyn,478345090,1476884,583056,1109520,3060,864691135510518224
389,postsyn,478343952,1471912,579876,1114160,236,864691135510518224
390,postsyn,480687107,1488312,578696,1042800,9600,864691135510518224
391,postsyn,478881337,1487968,592192,1104080,7696,864691135510518224
392,postsyn,482547124,1489936,590996,1105000,2096,864691135510518224
393,postsyn,482547288,1491200,590140,1104920,4760,864691135510518224
394,postsyn,482737494,1491944,588904,1105400,3660,864691135510518224
395,postsyn,472898346,1471696,604992,1112080,3676,864691135510518224
396,postsyn,490243986,1518144,605920,1094640,5428,864691135510518224
397,postsyn,477363270,1487196,587060,1114120,28580,864691135510518224
398,postsyn,494968805,1537944,514416,1109720,916,864691135510518224
399,postsyn,486010262,1489912,618240,1092400,7940,864691135510518224
400,postsyn,492053531,1527408,622736,1058520,832,864691135510518224
401,postsyn,496019534,1539976,604608,1077760,3468,864691135510518224
402,postsyn,480860392,1486504,621288,1087640,2076,864691135510518224
403,postsyn,471802593,1463700,640712,1109560,7744,864691135510518224
404,postsyn,484589672,1489416,580568,1051600,31436,864691135510518224
405,postsyn,497928498,1555996,586288,1065880,32732,864691135510518224
406,postsyn,493807397,1535792,606208,1081440,1840,864691135510518224
407,postsyn,482737641,1492584,586104,1113120,5732,864691135510518224
408,postsyn,482737593,1492232,587976,1109600,1020,864691135510518224
409,postsyn,482547372,1491848,587152,1098680,6892,864691135510518224
410,postsyn,482547401,1492088,586572,1099280,5124,864691135510518224
411,postsyn,488898281,1506080,580488,1104600,3352,864691135510518224
412,postsyn,488898247,1505920,579616,1103480,22360,864691135510518224
413,postsyn,482547143,1490164,586568,1096760,7688,864691135510518224
414,postsyn,482547304,1491336,586868,1098240,6360,864691135510518224
415,postsyn,482547415,1492032,585704,1100840,2276,864691135510518224
416,postsyn,482547506,1492784,586048,1103720,4216,864691135510518224
417,postsyn,482547538,1492960,585984,1104400,3036,864691135510518224
418,postsyn,482547396,1491960,590304,1101840,3420,864691135510518224
419,postsyn,482738183,1494592,585848,1110840,1908,864691135510518224
420,postsyn,482738121,1494280,586680,1108000,1928,864691135510518224
421,postsyn,488898214,1505512,581448,1104800,236,864691135510518224
422,postsyn,482739344,1499360,588240,1110320,232,864691135510518224
423,postsyn,483598971,1502820,584560,1108040,1416,864691135510518224
424,postsyn,488898313,1506192,579704,1103720,2972,864691135510518224
425,postsyn,482664885,1492120,601744,1083240,2916,864691135510518224
426,postsyn,492120687,1532456,627376,1068080,3324,864691135510518224
427,postsyn,471555066,1457848,620648,1101080,4044,864691135510518224
428,postsyn,494839520,1553792,591280,1069920,7956,864691135510518224
429,postsyn,485836287,1488752,583200,1071280,2120,864691135510518224
430,postsyn,490243976,1518052,607220,1089920,6856,864691135510518224
431,postsyn,493733566,1521248,530800,1106640,22120,864691135510518224
432,postsyn,491728141,1527148,529624,1094160,600,864691135510518224
433,postsyn,481058499,1487856,618248,1090880,716,864691135510518224
434,postsyn,481443903,1486264,583568,1075560,2204,864691135510518224
435,postsyn,486010300,1490032,617512,1092720,1520,864691135510518224
436,postsyn,493425186,1533920,518040,1109480,28588,864691135510518224
437,postsyn,488899859,1513200,572808,1103320,3824,864691135510518224
438,postsyn,490059303,1509744,607616,1097840,5188,864691135510518224
439,postsyn,488162493,1518920,567088,1109920,6532,864691135510518224
440,postsyn,490060009,1512672,606808,1096000,4312,864691135510518224
441,postsyn,482547422,1492128,589552,1103800,1676,864691135510518224
442,postsyn,482547442,1492248,589672,1100920,3488,864691135510518224
443,postsyn,482737301,1490848,589472,1105880,3832,864691135510518224
444,postsyn,497928321,1554944,589448,1070240,1180,864691135510518224
445,postsyn,490243346,1514752,606904,1093960,2576,864691135510518224
446,postsyn,494968987,1538800,510656,1110400,3628,864691135510518224
447,postsyn,478549345,1482104,630080,1113040,2124,864691135510518224
448,postsyn,478549878,1484520,626152,1111440,2404,864691135510518224
449,postsyn,483712233,1501240,605800,1076680,26936,864691135510518224
450,postsyn,488903825,1516672,616672,1062920,4824,864691135510518224
451,postsyn,488932253,1512800,575392,1106240,10096,864691135510518224
452,postsyn,477363250,1486516,596864,1107280,3440,864691135510518224
453,postsyn,482532577,1498944,567912,1106160,1688,864691135510518224
454,postsyn,483596544,1493256,578516,1105520,3576,864691135510518224
455,postsyn,483599183,1503608,583776,1107280,2900,864691135510518224
456,postsyn,490244240,1519680,608200,1086760,14984,864691135510518224
457,postsyn,492051708,1521752,619144,1056480,5224,864691135510518224
458,postsyn,493669920,1522344,605128,1085960,7108,864691135510518224
459,postsyn,493671079,1527680,608176,1085400,2732,864691135510518224
460,postsyn,488904097,1518216,615256,1060400,7504,864691135510518224
461,postsyn,492051587,1521128,619232,1055320,7056,864691135510518224
462,postsyn,488340106,1520504,619184,1059200,7620,864691135510518224
463,postsyn,485976196,1493168,640128,1068920,1288,864691135510518224
464,postsyn,469701297,1452152,625680,1099840,3348,864691135510518224
465,postsyn,471556968,1468816,624044,1103480,8416,864691135510518224
466,postsyn,483966076,1499848,543352,1103320,25848,864691135510518224
467,postsyn,483966606,1502456,541424,1105040,8008,864691135510518224
468,postsyn,494969081,1539176,512448,1110280,3992,864691135510518224
469,postsyn,471554956,1457232,621624,1101800,3628,864691135510518224
470,postsyn,480860476,1486888,623232,1087360,2964,864691135510518224
471,postsyn,483712756,1504360,608188,1076240,10704,864691135510518224
472,postsyn,488234941,1517752,551536,1106080,20132,864691135510518224
473,postsyn,488933405,1517184,571352,1106520,6156,864691135510518224
474,postsyn,482469408,1492280,594196,1090240,25832,864691135510518224
475,postsyn,493752222,1526696,532120,1097640,13804,864691135510518224
476,postsyn,481443543,1484124,585172,1078520,21524,864691135510518224
477,postsyn,477550147,1474200,616124,1107600,2708,864691135510518224
478,postsyn,493425215,1533952,515936,1105600,19544,864691135510518224
479,postsyn,484194619,1495024,567216,1029240,14436,864691135510518224
480,postsyn,488159837,1506856,561464,1106160,5308,864691135510518224
481,postsyn,486157173,1489088,637168,1077760,3076,864691135510518224
482,postsyn,483766949,1488936,621160,1108360,4424,864691135510518224
483,postsyn,478548025,1473512,619664,1105360,2000,864691135510518224
484,postsyn,486009519,1503352,606996,1099920,752,864691135510518224
485,postsyn,471557230,1470960,623656,1103120,1584,864691135510518224
486,postsyn,488903815,1516784,616728,1062120,23852,864691135510518224
487,postsyn,472896423,1464416,609680,1105400,5376,864691135510518224
488,postsyn,485836204,1488320,585040,1068840,1200,864691135510518224
489,postsyn,478344158,1473364,572544,1113520,1880,864691135510518224
490,postsyn,490243567,1515952,604960,1093640,1408,864691135510518224
491,postsyn,493805943,1526792,605320,1084080,3476,864691135510518224
492,postsyn,485836219,1488384,585104,1068600,4132,864691135510518224
493,postsyn,478345659,1479252,584420,1107160,2780,864691135510518224
494,postsyn,482547373,1491800,588348,1098400,2912,864691135510518224
495,postsyn,482737407,1491344,588216,1111920,936,864691135510518224
496,postsyn,482737537,1491976,587776,1111240,820,864691135510518224
497,postsyn,488930160,1505184,582808,1106480,5080,864691135510518224
498,postsyn,497928678,1556824,587224,1068760,21264,864691135510518224
499,postsyn,472897581,1468968,609872,1107280,2796,864691135510518224
500,postsyn,475479095,1468576,610152,1103840,1196,864691135510518224
501,postsyn,472134315,1466960,574684,1113880,2744,864691135510518224
502,postsyn,496019841,1541904,604104,1078440,3856,864691135510518224
503,postsyn,479386446,1487412,635604,1080080,14408,864691135510518224
504,postsyn,488232924,1508536,538304,1106120,3804,864691135510518224
505,postsyn,493899482,1521168,542960,1102760,2432,864691135510518224
506,postsyn,482547599,1493328,587048,1105040,3392,864691135510518224
507,postsyn,482739348,1499552,589288,1109400,3512,864691135510518224
508,postsyn,483707178,1491424,582072,1102760,5172,864691135510518224
509,postsyn,496019360,1538696,604792,1080720,3208,864691135510518224
510,postsyn,492052539,1525512,622776,1056080,2136,864691135510518224
511,postsyn,493899744,1522376,540512,1100960,280,864691135510518224
512,postsyn,493899572,1521480,545488,1103400,2004,864691135510518224
513,postsyn,488200533,1520352,544920,1102560,6672,864691135510518224
514,postsyn,471731159,1463392,632608,1109800,4508,864691135510518224
515,postsyn,493670032,1522864,606632,1085560,6544,864691135510518224
516,postsyn,487805319,1519432,529624,1109960,14940,864691135510518224
517,postsyn,497928278,1554792,588720,1070440,8384,864691135510518224
518,postsyn,480686993,1487948,580820,1042720,14052,864691135510518224
519,postsyn,487805024,1517880,533112,1109360,3500,864691135510518224
520,postsyn,480687046,1487968,577232,1038320,3848,864691135510518224
521,postsyn,490059156,1509096,604752,1096440,11084,864691135510518224
522,postsyn,483710726,1493216,602744,1081840,716,864691135510518224
523,postsyn,472898045,1470592,609152,1107440,1120,864691135510518224
524,postsyn,477550941,1478400,612368,1110080,4012,864691135510518224
525,postsyn,490198016,1505704,611488,1075280,3896,864691135510518224
526,postsyn,480860154,1485544,630480,1086120,5220,864691135510518224
527,postsyn,471557170,1470616,620656,1102240,15804,864691135510518224
528,postsyn,480860711,1487736,620896,1089560,2080,864691135510518224
529,postsyn,471555084,1457988,619728,1104240,10512,864691135510518224
530,postsyn,475478209,1464912,610352,1103080,3964,864691135510518224
531,postsyn,475477760,1463136,611472,1103120,12424,864691135510518224
532,postsyn,475477772,1463096,609752,1101800,4024,864691135510518224
533,postsyn,482531754,1492328,567808,1113320,10080,864691135510518224
534,postsyn,493670799,1526464,605880,1085560,5112,864691135510518224
535,postsyn,493425260,1534120,516776,1105760,6688,864691135510518224
536,postsyn,480319518,1488180,583200,1072400,1228,864691135510518224
537,postsyn,488967151,1506376,608500,1072720,4368,864691135510518224
538,postsyn,492054554,1529812,622708,1054480,6080,864691135510518224
539,postsyn,484502116,1501204,565444,1021560,1348,864691135510518224
540,postsyn,483597224,1495968,571352,1108680,5412,864691135510518224
541,postsyn,483710507,1491920,602408,1081920,3572,864691135510518224
542,postsyn,487805615,1520808,531308,1108840,2476,864691135510518224
543,postsyn,488199949,1517424,549432,1104800,4836,864691135510518224
544,postsyn,488200203,1518704,550632,1104960,5312,864691135510518224
545,postsyn,493806240,1529520,607824,1084000,8956,864691135510518224
546,postsyn,493806428,1530860,605540,1081440,9556,864691135510518224
547,postsyn,478550230,1485976,633976,1110520,3528,864691135510518224
548,postsyn,481606666,1484064,643024,1112200,964,864691135510518224
549,postsyn,471732220,1468188,624764,1108120,18112,864691135510518224
550,postsyn,490244390,1520592,607176,1086600,33948,864691135510518224
551,postsyn,493669784,1521520,608528,1088600,2948,864691135510518224
552,postsyn,492120782,1532888,623976,1066920,3904,864691135510518224
553,postsyn,493899704,1522192,542448,1101120,3744,864691135510518224
554,postsyn,480860516,1487128,619656,1090680,36084,864691135510518224
555,postsyn,486006238,1489320,614680,1104560,1172,864691135510518224
556,postsyn,493424499,1529808,519512,1106200,5124,864691135510518224
557,postsyn,496860994,1543496,502656,1109760,2212,864691135510518224
558,postsyn,491728203,1527456,529472,1094000,3592,864691135510518224
559,postsyn,488340125,1520552,618728,1055080,628,864691135510518224
560,postsyn,490244166,1519048,604944,1092280,3172,864691135510518224
561,postsyn,477536573,1488256,605304,1100800,6148,864691135510518224
562,postsyn,493806430,1530688,605528,1084320,664,864691135510518224
563,postsyn,471802980,1465368,641748,1107440,204,864691135510518224
564,postsyn,492054630,1530192,626128,1063440,6964,864691135510518224
565,postsyn,478704719,1487936,595016,1093720,17532,864691135510518224
566,postsyn,478704768,1487888,592040,1092320,25060,864691135510518224
567,postsyn,479461834,1485800,632296,1083360,412,864691135510518224
568,postsyn,478345274,1477508,582988,1109080,7756,864691135510518224
569,postsyn,478345728,1479568,584032,1106680,2104,864691135510518224
570,postsyn,480236412,1487200,584064,1054120,6320,864691135510518224
571,postsyn,481443594,1484280,583216,1080600,3648,864691135510518224
572,postsyn,488200004,1517640,551224,1105000,4432,864691135510518224
573,postsyn,478359940,1482712,585408,1101520,4172,864691135510518224
574,postsyn,486032656,1493656,570280,1029480,192,864691135510518224
575,postsyn,473336395,1463648,642616,1098080,384,864691135510518224
576,postsyn,473336930,1466112,644020,1098080,1968,864691135510518224
577,postsyn,473337695,1467232,643568,1099440,5428,864691135510518224
578,postsyn,471732272,1468320,619196,1109160,8316,864691135510518224
579,postsyn,473337950,1468248,642776,1095520,928,864691135510518224
580,postsyn,477536512,1488152,603680,1101160,9080,864691135510518224
581,postsyn,478881306,1487448,600020,1102280,3436,864691135510518224
582,postsyn,486005937,1488416,605864,1101200,3780,864691135510518224
583,postsyn,471556907,1468160,627872,1103120,4276,864691135510518224
584,postsyn,488232810,1507912,538216,1107560,5808,864691135510518224
585,postsyn,486025395,1488424,577648,1037680,4980,864691135510518224
586,postsyn,469345410,1452496,634784,1089600,1380,864691135510518224
587,postsyn,475476708,1457312,617784,1099880,3976,864691135510518224
588,postsyn,475477066,1459344,617240,1103000,6692,864691135510518224
589,postsyn,475479305,1469608,610760,1104720,2152,864691135510518224
590,postsyn,477362477,1477376,601736,1111320,2640,864691135510518224
591,postsyn,477362801,1480728,600080,1110840,1292,864691135510518224
592,postsyn,477551601,1485832,604464,1105600,7436,864691135510518224
593,postsyn,486006094,1488832,605784,1101080,292,864691135510518224
594,postsyn,466547569,1454040,640224,1085080,1176,864691135510518224
595,postsyn,469701796,1454472,632048,1095840,16348,864691135510518224
596,postsyn,480236637,1488272,584552,1064120,15072,864691135510518224
597,postsyn,469345498,1453412,633700,1090320,2588,864691135510518224
598,postsyn,486006663,1491168,608192,1098760,5448,864691135510518224
599,postsyn,486006852,1491968,608216,1097600,3040,864691135510518224
600,postsyn,493915267,1523176,564424,1109800,3484,864691135510518224
601,postsyn,494839260,1552560,594456,1071160,1996,864691135510518224
602,postsyn,471556714,1466648,632544,1101640,2880,864691135510518224
603,postsyn,477551321,1482308,608212,1106640,15068,864691135510518224
604,postsyn,477550536,1475992,616008,1110120,6640,864691135510518224
605,postsyn,469345417,1452672,630088,1093920,12204,864691135510518224
606,postsyn,469345502,1453616,631256,1094360,20472,864691135510518224
607,postsyn,471803057,1465824,640792,1108000,1416,864691135510518224
608,postsyn,478549692,1484100,634604,1111880,13708,864691135510518224
609,postsyn,478549898,1484544,633760,1111600,1680,864691135510518224
610,postsyn,473336521,1464520,638840,1100120,5508,864691135510518224
611,postsyn,473336252,1462568,639712,1096880,11264,864691135510518224
612,postsyn,473337818,1467728,642248,1104600,8724,864691135510518224
613,postsyn,483711153,1495472,603024,1081480,2012,864691135510518224
614,postsyn,484589880,1490424,581208,1044240,7212,864691135510518224
615,postsyn,481443773,1485608,584448,1077160,19152,864691135510518224
616,postsyn,485974996,1492528,640768,1068160,3680,864691135510518224
617,postsyn,471732926,1471760,618728,1109000,3628,864691135510518224
618,postsyn,488931406,1509724,577812,1105640,3108,864691135510518224
619,postsyn,480939079,1479100,567356,1111840,1200,864691135510518224
620,postsyn,471554754,1456048,624368,1104200,512,864691135510518224
621,postsyn,492053590,1527720,620600,1056680,12892,864691135510518224
622,postsyn,471730432,1460664,633712,1111760,1148,864691135510518224
623,postsyn,480236002,1485416,584424,1058960,6844,864691135510518224
624,postsyn,472134664,1469076,574324,1113000,220,864691135510518224
625,postsyn,478344215,1473432,574596,1111360,2428,864691135510518224
626,postsyn,471556626,1466176,631864,1100120,1316,864691135510518224
627,postsyn,482468968,1489880,600944,1085280,12208,864691135510518224
628,postsyn,483711316,1496520,606056,1078520,13356,864691135510518224
629,postsyn,472898166,1471040,608776,1108360,5380,864691135510518224
630,postsyn,497928319,1554984,591104,1070720,2876,864691135510518224
631,postsyn,469701636,1453608,626920,1100160,7752,864691135510518224
632,postsyn,475477580,1462336,613224,1100320,12740,864691135510518224
633,postsyn,479386540,1488112,636064,1078880,7240,864691135510518224
634,postsyn,480860676,1487680,618584,1091040,3744,864691135510518224
635,postsyn,466621223,1453536,640768,1083400,2324,864691135510518224
636,postsyn,478550724,1487976,619072,1105440,8844,864691135510518224
637,postsyn,473336381,1463680,642352,1098520,2228,864691135510518224
638,postsyn,480860490,1487148,625996,1086880,22464,864691135510518224
639,postsyn,472854004,1466992,646760,1093240,5520,864691135510518224
640,postsyn,488235502,1520072,548048,1105320,10488,864691135510518224
641,postsyn,471802074,1461368,635504,1109200,3768,864691135510518224
642,postsyn,477362580,1478776,585720,1112560,8148,864691135510518224
643,postsyn,478346002,1480996,585536,1111720,4488,864691135510518224
644,postsyn,483707291,1491952,581592,1103520,6184,864691135510518224
645,postsyn,478881079,1485748,589148,1096000,260,864691135510518224
646,postsyn,471557074,1469624,626840,1101080,2596,864691135510518224
647,postsyn,494837865,1546448,601960,1073800,15332,864691135510518224
648,postsyn,478881415,1488344,586104,1097200,600,864691135510518224
649,postsyn,482546952,1488832,587020,1095960,4224,864691135510518224
650,postsyn,478346698,1485372,585276,1111240,3292,864691135510518224
651,postsyn,482738037,1494080,586224,1109520,4952,864691135510518224
652,postsyn,480860359,1486320,623752,1088000,940,864691135510518224
653,postsyn,472134379,1467284,582784,1113080,520,864691135510518224
654,postsyn,472134542,1468392,582772,1112600,3760,864691135510518224
655,postsyn,473336161,1461976,635752,1099200,3792,864691135510518224
656,postsyn,486006357,1489896,610408,1104240,10484,864691135510518224
657,postsyn,486007524,1494816,607864,1096560,17652,864691135510518224
658,postsyn,482428909,1503176,564304,1105000,4324,864691135510518224
659,postsyn,483596985,1494904,570016,1110480,11204,864691135510518224
660,postsyn,477551361,1482980,607472,1107120,23404,864691135510518224
661,postsyn,472947274,1456080,633344,1092520,5688,864691135510518224
662,postsyn,482737128,1489720,587296,1112720,1724,864691135510518224
663,postsyn,477531319,1473400,618504,1103160,14832,864691135510518224
664,postsyn,472897681,1469336,609152,1105200,10252,864691135510518224
665,postsyn,492120851,1533320,628092,1069680,8812,864691135510518224
666,postsyn,488162268,1517936,567928,1107520,9496,864691135510518224
667,postsyn,480235874,1485104,583704,1057800,9496,864691135510518224
668,postsyn,487804530,1515824,533000,1107840,4784,864691135510518224
669,postsyn,481443459,1483464,583872,1081760,15240,864691135510518224
670,postsyn,482469175,1490864,598568,1087240,4372,864691135510518224
671,postsyn,471731355,1464200,633620,1109560,2616,864691135510518224
672,postsyn,477550182,1474648,616384,1110240,17096,864691135510518224
673,postsyn,477550994,1478784,612776,1108160,16076,864691135510518224
674,postsyn,481113246,1475088,618872,1104200,3268,864691135510518224
675,postsyn,493751722,1524672,534528,1098880,8640,864691135510518224
676,postsyn,480236203,1486476,585028,1054880,15684,864691135510518224
677,postsyn,480829320,1488256,581464,1050280,5356,864691135510518224
678,postsyn,486025597,1489264,576248,1039800,6428,864691135510518224
679,postsyn,493899898,1523328,539336,1101640,11552,864691135510518224
680,postsyn,481607141,1486048,643608,1111400,1452,864691135510518224
681,postsyn,483707534,1492888,580224,1104560,6452,864691135510518224
682,postsyn,475477469,1461656,612912,1101160,1324,864691135510518224
683,postsyn,488968105,1512288,612528,1070480,4072,864691135510518224
684,postsyn,492054296,1528488,622560,1057920,8156,864691135510518224
685,postsyn,486008840,1500216,608792,1097200,4776,864691135510518224
686,postsyn,485976409,1494296,640504,1069320,3012,864691135510518224
687,postsyn,494970805,1542268,508908,1109640,7316,864691135510518224
688,postsyn,482426658,1490780,558476,1104960,17696,864691135510518224
689,postsyn,488932205,1512472,574872,1105480,692,864691135510518224
690,postsyn,484194907,1496552,568560,1027280,3836,864691135510518224
691,postsyn,486031731,1489372,570592,1030560,11036,864691135510518224
692,postsyn,485975016,1492608,638664,1071560,2272,864691135510518224
693,postsyn,484589818,1490032,578408,1044160,3364,864691135510518224
694,postsyn,493734123,1523424,530424,1109840,6680,864691135510518224
695,postsyn,486007764,1495776,606912,1097240,20256,864691135510518224
696,postsyn,475477831,1463504,609832,1103440,17376,864691135510518224
697,postsyn,486006554,1490996,612916,1098080,13180,864691135510518224
698,postsyn,493671467,1529408,605512,1084680,5980,864691135510518224
699,postsyn,483707594,1493216,578712,1104360,3504,864691135510518224
700,postsyn,490059838,1511896,606512,1096160,724,864691135510518224
701,postsyn,490059480,1510376,606872,1097320,256,864691135510518224
702,postsyn,488162222,1517576,566744,1108040,7080,864691135510518224
703,postsyn,478344456,1474280,580428,1110440,808,864691135510518224
704,postsyn,477536365,1487712,605920,1104440,24328,864691135510518224
705,postsyn,484204372,1489320,620664,1089360,10988,864691135510518224
706,postsyn,488232344,1505712,538856,1106800,6164,864691135510518224
707,postsyn,479386341,1486200,635232,1080280,1324,864691135510518224
708,postsyn,479386372,1486456,636048,1079840,2224,864691135510518224
709,postsyn,493734163,1523744,527600,1107360,21580,864691135510518224
710,postsyn,480236407,1487056,583472,1060480,1676,864691135510518224
711,postsyn,480236505,1487600,583896,1064240,17004,864691135510518224
712,postsyn,484501768,1499616,565352,1022840,4520,864691135510518224
713,postsyn,475477556,1462072,611304,1102720,420,864691135510518224
714,postsyn,486025438,1488560,578312,1038840,5848,864691135510518224
715,postsyn,493669779,1521504,606552,1090080,13192,864691135510518224
716,postsyn,488904275,1519344,616888,1058720,6336,864691135510518224
717,postsyn,480860323,1486324,627752,1086960,8068,864691135510518224
718,postsyn,482469216,1491152,594584,1091760,5440,864691135510518224
719,postsyn,466547597,1454424,636712,1087120,3856,864691135510518224
720,postsyn,469701428,1452752,628824,1099320,13284,864691135510518224
721,postsyn,466620962,1452336,640088,1083880,4912,864691135510518224
722,postsyn,478345613,1478928,584488,1106760,2400,864691135510518224
723,postsyn,478345767,1479856,585224,1105320,4332,864691135510518224
724,postsyn,478880291,1481912,586072,1102600,1716,864691135510518224
725,postsyn,478880433,1482576,587616,1100760,3088,864691135510518224
726,postsyn,478880780,1484112,589672,1098040,2352,864691135510518224
727,postsyn,478881057,1485680,590368,1096600,1928,864691135510518224
728,postsyn,478881266,1487220,590272,1095080,3664,864691135510518224
729,postsyn,488899029,1509616,577592,1104800,3044,864691135510518224
730,postsyn,486157136,1488640,636912,1078680,2372,864691135510518224
731,postsyn,485974680,1491016,642168,1068800,20644,864691135510518224
732,postsyn,493806658,1532024,605344,1082160,1836,864691135510518224
733,postsyn,472898161,1471140,616064,1113200,3588,864691135510518224
734,postsyn,488932909,1515184,571688,1105400,1476,864691135510518224
735,postsyn,488900579,1516580,572744,1103960,10588,864691135510518224
736,postsyn,493670165,1523368,607280,1089840,3936,864691135510518224
737,postsyn,482737509,1491836,585780,1113920,748,864691135510518224
738,postsyn,480319146,1486324,585448,1069520,24024,864691135510518224
739,postsyn,488967160,1506388,609396,1073640,2000,864691135510518224
740,postsyn,492052464,1525184,620896,1054080,3304,864691135510518224
741,postsyn,493900023,1524136,540328,1100120,6180,864691135510518224
742,postsyn,483597017,1494908,572196,1108240,4036,864691135510518224
743,postsyn,491727996,1526424,529296,1094240,316,864691135510518224
744,postsyn,493915320,1523536,561848,1110680,2772,864691135510518224
745,postsyn,493915625,1525336,561168,1110640,208,864691135510518224
746,postsyn,493671180,1528336,607976,1085840,11080,864691135510518224
747,postsyn,488968197,1512880,609488,1071200,21132,864691135510518224
748,postsyn,493670896,1526968,605296,1085360,7516,864691135510518224
749,postsyn,482427815,1498160,566608,1104560,17804,864691135510518224
750,postsyn,488930953,1507988,579364,1105440,6672,864691135510518224
751,postsyn,471802449,1462928,634944,1109400,488,864691135510518224
752,postsyn,493670130,1523360,607112,1087520,11044,864691135510518224
753,postsyn,482531792,1492592,555992,1106000,3488,864691135510518224
754,postsyn,483596628,1493464,578896,1105200,4244,864691135510518224
755,postsyn,482739242,1498920,589592,1111840,2884,864691135510518224
756,postsyn,492121181,1535080,628992,1072360,7680,864691135510518224
757,postsyn,497929100,1558744,587440,1068360,3248,864691135510518224
758,postsyn,477549992,1473712,609544,1109560,24184,864691135510518224
759,postsyn,493670768,1526240,606624,1087560,1772,864691135510518224
760,postsyn,492054346,1528928,624344,1064040,17244,864691135510518224
761,postsyn,493424613,1530360,519660,1105840,728,864691135510518224
762,postsyn,477531193,1472792,616432,1103800,4792,864691135510518224
763,postsyn,488899590,1512068,577152,1104840,1844,864691135510518224
764,postsyn,482738869,1497472,586436,1109760,5196,864691135510518224
765,postsyn,493734889,1526304,525248,1107400,4248,864691135510518224
766,postsyn,493671142,1527992,606616,1085480,2332,864691135510518224
767,postsyn,488968920,1513880,611184,1066320,4840,864691135510518224
768,postsyn,488339664,1518408,619104,1060360,9168,864691135510518224
769,postsyn,487456550,1508232,561168,1104920,9304,864691135510518224
770,postsyn,478360433,1484568,584040,1097640,2332,864691135510518224
771,postsyn,478879968,1480904,586584,1099080,15252,864691135510518224
772,postsyn,487457953,1514724,553972,1104720,1564,864691135510518224
773,postsyn,488235300,1519144,549376,1106520,11332,864691135510518224
774,postsyn,493899694,1522384,541912,1102240,18796,864691135510518224
775,postsyn,492053495,1527408,622000,1056480,6804,864691135510518224
776,postsyn,473336551,1464744,639696,1097560,11896,864691135510518224
777,postsyn,472897476,1468584,610504,1107400,29596,864691135510518224
778,postsyn,486032081,1491088,570192,1030280,2424,864691135510518224
779,postsyn,487805627,1520808,532616,1107840,2624,864691135510518224
780,postsyn,480940346,1487096,563408,1107080,6292,864691135510518224
781,postsyn,488233166,1509836,537772,1109680,1612,864691135510518224
782,postsyn,493735432,1528960,521852,1106840,1144,864691135510518224
783,postsyn,487805283,1519104,533784,1109800,6116,864691135510518224
784,postsyn,488200480,1520136,546416,1103320,6312,864691135510518224
785,postsyn,491809002,1521456,543320,1105040,3120,864691135510518224
786,postsyn,493735235,1528000,521152,1106040,11860,864691135510518224
787,postsyn,484880289,1499664,545000,1106080,10764,864691135510518224
788,postsyn,482546936,1488592,589524,1094880,948,864691135510518224
789,postsyn,498932020,1557784,585240,1065080,4212,864691135510518224
790,postsyn,498932079,1558048,580544,1064880,9108,864691135510518224
791,postsyn,486025770,1490148,573308,1034120,17148,864691135510518224
792,postsyn,493425098,1533216,518048,1105760,1888,864691135510518224
793,postsyn,466621523,1455216,640776,1082360,3440,864691135510518224
794,postsyn,490059852,1511912,604824,1094600,12804,864691135510518224
795,postsyn,490242867,1512384,607216,1093680,5724,864691135510518224
796,postsyn,494566701,1543832,601728,1076120,7724,864691135510518224
797,postsyn,475641621,1455992,641304,1078840,15628,864691135510518224
798,postsyn,478881295,1487392,594056,1104880,1544,864691135510518224
799,postsyn,490243062,1513272,607288,1094120,4160,864691135510518224
800,postsyn,488161251,1513328,553472,1105720,4180,864691135510518224
801,postsyn,488200603,1520848,541416,1101000,18352,864691135510518224
802,postsyn,487803964,1513680,534608,1110120,12200,864691135510518224
803,postsyn,484879835,1495384,551744,1108160,1176,864691135510518224
804,postsyn,482532725,1499944,567080,1106240,1704,864691135510518224
805,postsyn,483706968,1490632,584072,1101480,4124,864691135510518224
806,postsyn,488159758,1506584,564784,1107640,12416,864691135510518224
807,postsyn,488160313,1509168,561304,1106320,5048,864691135510518224
808,postsyn,484589772,1489896,578656,1046680,25484,864691135510518224
809,postsyn,482547013,1489104,585624,1104680,6024,864691135510518224
810,postsyn,478344461,1474296,575780,1112680,1336,864691135510518224
811,postsyn,471556561,1466024,628528,1099720,14528,864691135510518224
812,postsyn,488160573,1510296,557112,1105320,1532,864691135510518224
813,postsyn,488162717,1519776,566112,1105600,560,864691135510518224
814,postsyn,471731672,1465440,624976,1110320,876,864691135510518224
815,postsyn,484879876,1496112,549456,1105400,5728,864691135510518224
816,postsyn,487803369,1511084,534964,1108600,1140,864691135510518224
817,postsyn,493734470,1524856,523656,1108040,13364,864691135510518224
818,postsyn,475477215,1460192,611904,1100800,6292,864691135510518224
819,postsyn,485974877,1491952,642600,1067680,7772,864691135510518224
820,postsyn,482469496,1492536,600944,1085120,33908,864691135510518224
821,postsyn,498932179,1558660,583812,1065720,2972,864691135510518224
822,postsyn,471556913,1468168,628728,1101480,1716,864691135510518224
823,postsyn,488232402,1505936,540504,1107000,560,864691135510518224
824,postsyn,478881033,1485684,587656,1097040,3600,864691135510518224
825,postsyn,478881324,1487880,587976,1095520,2132,864691135510518224
826,postsyn,488969076,1514560,614680,1068240,1060,864691135510518224
827,postsyn,478359277,1479952,585480,1104560,3528,864691135510518224
828,postsyn,480939709,1482612,564604,1110520,3084,864691135510518224
829,postsyn,488233115,1509632,537568,1109920,7728,864691135510518224
830,postsyn,472134582,1468760,579032,1111640,3052,864691135510518224
831,postsyn,477362386,1476432,601272,1112840,772,864691135510518224
832,postsyn,477362645,1479344,600840,1112000,2276,864691135510518224
833,postsyn,477362814,1481056,600440,1111280,5120,864691135510518224
834,postsyn,478881237,1486856,601416,1103360,544,864691135510518224
835,postsyn,482547550,1492960,585672,1105080,4960,864691135510518224
836,postsyn,478344271,1473472,576992,1110360,564,864691135510518224
837,postsyn,478344516,1474464,577792,1110360,272,864691135510518224
838,postsyn,478346057,1481200,585216,1112120,2300,864691135510518224
839,postsyn,485848595,1488704,585984,1066840,6928,864691135510518224
840,postsyn,493915311,1523716,558116,1113280,12644,864691135510518224
841,postsyn,493915426,1524144,561856,1109800,208,864691135510518224
842,postsyn,494566219,1541896,600520,1078000,3900,864691135510518224
843,postsyn,475641689,1456336,643392,1080800,9504,864691135510518224
844,postsyn,488162296,1518024,568320,1106400,3032,864691135510518224
845,postsyn,466621267,1453760,640520,1081400,4192,864691135510518224
846,postsyn,477551543,1484856,606888,1108440,216,864691135510518224
847,postsyn,488898781,1508552,577584,1104320,6844,864691135510518224
848,postsyn,493424744,1531016,519728,1107480,1732,864691135510518224
849,postsyn,475478602,1466584,610984,1103280,4740,864691135510518224
850,postsyn,481365036,1484592,583144,1087400,10848,864691135510518224
851,postsyn,488967999,1511520,612144,1071240,1104,864691135510518224
852,postsyn,488968059,1511984,611816,1070640,3212,864691135510518224
853,postsyn,493915624,1525464,559328,1112280,3968,864691135510518224
854,postsyn,480319433,1487744,584160,1066960,4000,864691135510518224
855,postsyn,471803562,1470032,644096,1105920,7680,864691135510518224
856,postsyn,488967662,1509168,610056,1071120,6984,864691135510518224
857,postsyn,481443652,1484752,582176,1084240,14540,864691135510518224
858,postsyn,486025420,1488528,579304,1040040,4044,864691135510518224
859,postsyn,477363319,1487128,586568,1111760,2068,864691135510518224
860,postsyn,477363341,1487664,587192,1110640,11024,864691135510518224
861,postsyn,486032099,1491280,572000,1031080,3444,864691135510518224
862,postsyn,490060482,1515248,605676,1096320,6200,864691135510518224
863,postsyn,471556393,1464812,631808,1099360,22496,864691135510518224
864,postsyn,492051907,1522784,621304,1055280,7940,864691135510518224
865,postsyn,493900018,1524008,538784,1101200,5880,864691135510518224
866,postsyn,477536121,1486584,602152,1103480,5476,864691135510518224
867,postsyn,493734982,1526912,524704,1108200,36648,864691135510518224
868,postsyn,490059874,1512080,605872,1098040,10220,864691135510518224
869,postsyn,492121492,1536912,628672,1069440,12968,864691135510518224
870,postsyn,490242876,1512352,605720,1093760,3884,864691135510518224
871,postsyn,488161679,1515168,554728,1105120,228,864691135510518224
872,postsyn,488232909,1508400,537368,1108360,1564,864691135510518224
873,postsyn,493915161,1522504,564088,1107800,4000,864691135510518224
874,postsyn,486007229,1493360,606800,1096600,3408,864691135510518224
875,postsyn,477536152,1486776,609104,1103240,5416,864691135510518224
876,postsyn,493805725,1524800,605520,1083880,5680,864691135510518224
877,postsyn,484194618,1494924,568968,1028280,1504,864691135510518224
878,postsyn,484502725,1503688,565792,1020200,25084,864691135510518224
879,postsyn,477363241,1486492,596788,1107880,4256,864691135510518224
880,postsyn,487804480,1515568,534872,1108480,3432,864691135510518224
881,postsyn,493807532,1536752,605160,1080000,3824,864691135510518224
882,postsyn,488968279,1513256,613040,1068960,1468,864691135510518224
883,postsyn,488970993,1518824,615528,1065680,340,864691135510518224
884,postsyn,497928669,1556572,588788,1067520,624,864691135510518224
885,postsyn,498931832,1556888,584728,1067720,6120,864691135510518224
886,postsyn,480940096,1485008,561888,1109760,8368,864691135510518224
887,postsyn,471557151,1470224,625616,1101640,2092,864691135510518224
888,postsyn,488931969,1511776,577248,1105760,7588,864691135510518224
889,postsyn,480917210,1488096,585880,1066480,10200,864691135510518224
890,postsyn,483597357,1496640,569936,1110040,7084,864691135510518224
891,postsyn,488339971,1519816,618552,1059360,3692,864691135510518224
892,postsyn,481364815,1483424,583232,1090840,3320,864691135510518224
893,postsyn,481364896,1483712,583096,1085320,4476,864691135510518224
894,postsyn,494969928,1540648,510692,1108880,3588,864691135510518224
895,postsyn,490244312,1519904,607256,1091000,3000,864691135510518224
896,postsyn,487804033,1514124,535428,1110560,18028,864691135510518224
897,postsyn,477551444,1483744,607608,1107880,6180,864691135510518224
898,postsyn,477551498,1484292,608068,1107640,2504,864691135510518224
899,postsyn,478346567,1484336,585272,1111960,5396,864691135510518224
900,postsyn,478880943,1485048,588968,1095840,5572,864691135510518224
901,postsyn,486032559,1493424,570560,1029720,7532,864691135510518224
902,postsyn,490060294,1514104,606784,1096120,6040,864691135510518224
903,postsyn,493807102,1534128,604792,1080800,3724,864691135510518224
904,postsyn,496019552,1540208,605016,1079520,7268,864691135510518224
905,postsyn,477536506,1488040,612836,1104840,5408,864691135510518224
906,postsyn,477550853,1478232,613552,1109640,8632,864691135510518224
907,postsyn,471556835,1467984,628216,1098840,20884,864691135510518224
908,postsyn,473337896,1468080,646784,1099000,12192,864691135510518224
909,postsyn,477363308,1487028,602196,1106160,8876,864691135510518224
910,postsyn,480860712,1487720,621128,1089160,2072,864691135510518224
911,postsyn,490058773,1507448,608016,1098520,1168,864691135510518224
912,postsyn,490059396,1510104,606480,1097120,3016,864691135510518224
913,postsyn,496019253,1537956,604560,1083000,4548,864691135510518224
914,postsyn,490244102,1518816,606088,1089520,5636,864691135510518224
915,postsyn,488969037,1514448,611336,1066080,10576,864691135510518224
916,postsyn,488904165,1518672,615056,1063320,2200,864691135510518224
917,postsyn,471802279,1462228,637812,1109920,3140,864691135510518224
918,postsyn,488969199,1515240,611608,1067240,1696,864691135510518224
919,postsyn,490060397,1514416,607528,1095880,216,864691135510518224
920,postsyn,471730718,1461736,633208,1109360,896,864691135510518224
921,postsyn,488969008,1514600,614272,1065680,49876,864691135510518224
922,postsyn,496860895,1543064,502728,1107040,24688,864691135510518224
923,postsyn,473336146,1462016,637736,1098680,6920,864691135510518224
924,postsyn,497928789,1557136,590536,1068720,2940,864691135510518224
925,postsyn,488162562,1519216,567816,1109440,8944,864691135510518224
926,postsyn,478881379,1487992,598204,1101360,4800,864691135510518224
927,postsyn,487457658,1512992,554104,1103640,19952,864691135510518224
928,postsyn,490058722,1507352,605868,1099440,12348,864691135510518224
929,postsyn,481443569,1484032,584856,1080520,5352,864691135510518224
930,postsyn,483597598,1497432,572488,1107920,3340,864691135510518224
931,postsyn,492120868,1533560,626816,1067040,19580,864691135510518224
932,postsyn,492053338,1526832,623968,1061240,10012,864691135510518224
933,postsyn,496861237,1545080,501744,1109800,6076,864691135510518224
934,postsyn,493734522,1524912,526640,1107560,2852,864691135510518224
935,postsyn,484880037,1498072,544136,1107680,23712,864691135510518224
936,postsyn,475476743,1457740,614524,1101400,18964,864691135510518224
937,postsyn,469345521,1453616,631984,1094120,5784,864691135510518224
938,postsyn,469345561,1454016,633328,1091360,4244,864691135510518224
939,postsyn,469701500,1452952,629640,1096400,2028,864691135510518224
940,postsyn,478359945,1482768,584048,1095240,13620,864691135510518224
941,postsyn,469701265,1452112,627632,1097520,6336,864691135510518224
942,postsyn,472898370,1471784,618392,1108360,1584,864691135510518224
943,postsyn,477531448,1473632,618376,1105000,796,864691135510518224
944,postsyn,478344979,1476512,582488,1109800,6632,864691135510518224
945,postsyn,480859821,1484144,625064,1089000,13968,864691135510518224
946,postsyn,485975043,1492720,640732,1071960,1976,864691135510518224
947,postsyn,483711855,1499192,605824,1078920,1448,864691135510518224
948,postsyn,488340118,1520704,620320,1055600,16884,864691135510518224
949,postsyn,487803674,1512304,535608,1108200,5840,864691135510518224
950,postsyn,490243797,1517088,605960,1092880,2268,864691135510518224
951,postsyn,478881133,1486208,592524,1095000,3520,864691135510518224
952,postsyn,479461722,1484648,632208,1081480,9148,864691135510518224
953,postsyn,477549954,1473284,602216,1113400,1004,864691135510518224
954,postsyn,478702466,1482216,588992,1092840,1108,864691135510518224
955,postsyn,478881065,1485776,587100,1098880,4328,864691135510518224
956,postsyn,482468881,1489376,594488,1092360,6112,864691135510518224
957,postsyn,483706647,1489104,585288,1097760,1244,864691135510518224
958,postsyn,486006539,1490648,614456,1095560,2712,864691135510518224
959,postsyn,475479307,1469568,610608,1104920,440,864691135510518224
960,postsyn,483712349,1501720,609480,1075880,17880,864691135510518224
961,postsyn,492052366,1524840,622592,1056880,8680,864691135510518224
962,postsyn,486032429,1492720,571480,1029520,2244,864691135510518224
963,postsyn,477362400,1476856,585624,1113440,18312,864691135510518224
964,postsyn,477549634,1472040,618048,1107880,1048,864691135510518224
