,segment_id,split_index,nucleus_id,cell_type,syn_density_post,syn_density_head,syn_density_neck,syn_density_shaft,skeletal_length_processed_syn,spine_density,skeletal_length_processed_spine,allen_e_i,allen_e_i_n_nuc,allen_cell_type,allen_cell_type_n_nuc,allen_cell_type_e_i,cell_type_manual
0,864691134884749050,0,617733,inhibitory,0.8949256995256177,0.0788435684936757,0.005631683463833979,0.750037843137889,1953234.7779559577,0.1344761778664267,1717776.365041019,inhibitory,1,MC,1,inhibitory,inhibitory
1,864691134940132963,0,337551,inhibitory,0.9296195906331184,0.0758023142899765,0.006663939717800132,0.7821799243767904,2400982.1033137804,0.14060612605746087,2090947.302536821,inhibitory,1,MC,1,inhibitory,inhibitory
2,864691134988479610,1,195378,inhibitory,0.7932265351302797,0.05024964475938424,0.004785680453274689,0.7214413283311595,835826.8043707195,0.10748042331470153,548937.1755379919,inhibitory,2,BPC,2,inhibitory,inhibitory
3,864691135012396790,2,435998,excitatory,0.5184492307121213,0.027604617941410784,0.000862644310669087,0.48998196846004144,1159226.3319100507,0.08154868605506149,944221.2220073021,excitatory,3,6IT,3,excitatory,inhibitory
4,864691135012409078,0,527554,inhibitory,0.7996960780930228,0.06104550214450555,0.006104550214450555,0.6933024886411702,2293371.2572073718,0.10756708453869392,2073124.8871933746,inhibitory,1,MC,1,inhibitory,inhibitory
5,864691135012430838,0,590152,inhibitory,0.6983400888179137,0.06112101336022708,0.010403576742166312,0.5988558862209483,1537932.6164963108,0.10630093665016856,1204128.6185581041,inhibitory,1,5P_IT,1,excitatory,inhibitory
6,864691135012487414,0,530273,inhibitory,0.618998282539298,0.07092186089889073,0.004824616387679641,0.5239533397020091,2072703.6507060856,0.08907047694007544,1987190.4370634672,inhibitory,1,BPC,1,inhibitory,inhibitory
7,864691135012525302,0,334716,inhibitory,0.8071208636642908,0.04801568877322977,0.005144538082846047,0.7299527924216,1749428.2003683888,0.07728306505432875,1565672.8924369002,inhibitory,1,MC,1,inhibitory,inhibitory
8,864691135134766873,0,488520,inhibitory,1.957243831488507,0.2367397964418652,0.05066036796286827,1.248485798931071,2052886.7866934412,0.4226120223039265,1963976.30970161,inhibitory,1,MC,1,inhibitory,inhibitory
9,864691135194641962,0,104412,inhibitory,2.019294257710607,0.13536072258617082,0.02027141256121399,1.3993813832579982,1529247.1556379546,0.5060060796780353,1432789.1089002476,inhibitory,1,MC,1,inhibitory,inhibitory
10,864691135210061760,0,612510,inhibitory,1.174897669432266,0.07214283935110406,0.005889211375600331,0.9187169745936516,679208.0882972638,0.3515895433426397,477829.91041993676,inhibitory,1,BC,1,inhibitory,inhibitory
11,864691135303299239,0,461660,excitatory,0.5504676311331265,0.042928117541782815,0.006078317528040044,0.48626540224320347,2632307.3656797274,0.07091514787489563,2453636.5672812336,excitatory,1,,,,inhibitory
12,864691135334518249,0,551054,excitatory,1.262403788011864,0.12583815638352214,0.013215879437538856,0.9659084058479486,1740330.6460764145,0.3026528786322843,1344774.9178506734,excitatory,1,NGC,1,inhibitory,inhibitory
13,864691135345189535,0,107035,inhibitory,1.4506749268254269,0.12308756954882409,0.008791969253487436,1.0638282796719798,796181.1282749163,0.3065040405134921,714509.340996305,inhibitory,1,BPC,1,inhibitory,inhibitory
14,864691135360168775,0,500528,inhibitory,0.5178938904095067,0.07759973602227137,0.004217376957732139,0.4031812371591925,1185571.0433550407,0.1128845270839814,1009881.5395239131,inhibitory,1,BPC,1,inhibitory,inhibitory
15,864691135407276745,0,492730,inhibitory,2.033333604744204,0.4073400102219349,0.053863141847528585,1.1406642435002667,1782294.8440651498,0.5341516253258631,1628751.0114178725,inhibitory,1,MC,1,inhibitory,inhibitory
16,864691135516114643,0,406587,inhibitory,0.7687618936027513,0.07354373870041267,0.002298241834387896,0.6469550763801927,870230.4387965645,0.12331421438561692,648749.2167758644,inhibitory,1,MC,1,inhibitory,inhibitory
17,864691135564632407,0,435763,inhibitory,1.9480896368708782,0.16916683318348577,0.03294301488309986,1.2589573795865732,2246303.207602375,0.5545649355515339,2153039.1185164386,inhibitory,1,MC,1,inhibitory,inhibitory
18,864691135571086061,0,305070,excitatory,1.2207349034029926,0.07562802095156587,0.018290472458395008,0.957269895631505,4865921.326113725,0.2749556040881216,4578921.037726869,excitatory,1,5P_IT,1,excitatory,inhibitory
19,864691135615761769,0,225676,inhibitory,1.2583162758775035,0.12385865781721071,0.004384377267865866,0.9766200364171216,912330.2479731712,0.329192502571618,856641.6239648382,inhibitory,1,BPC,1,inhibitory,inhibitory
20,864691135639009851,1,106864,excitatory,1.3506047681845144,0.1411649051492289,0.016024124368290846,0.9812868541724776,1310524.0272320656,0.3139069720377341,1134093.9568465718,excitatory,2,23P,2,excitatory,inhibitory
21,864691135686882784,0,233502,excitatory,1.5641646044584159,0.21310216786225106,0.03609202344865025,1.0530378606194424,3768145.6179228453,0.4411715305001478,3454438.6811911236,excitatory,1,5P_IT,1,excitatory,inhibitory
22,864691135687089888,0,164596,inhibitory,0.9975245021242323,0.14325933282241116,0.012616588970155529,0.7329831204919389,2457082.5025155633,0.25964525482463197,2287736.783024192,inhibitory,1,BC,1,inhibitory,inhibitory
23,864691135687845828,0,500893,inhibitory,0.5784884891075102,0.06752278660738616,0.0,0.48304762726822403,1540220.7939774762,0.12469923532339514,1483569.6427505813,inhibitory,1,BPC,1,inhibitory,inhibitory
24,864691135782408499,0,459994,inhibitory,1.8923036670765783,0.33399511827188944,0.059354554150727344,1.2705898625825192,994026.5046920078,0.4476789247509703,931471.1435923949,inhibitory,1,BPC,1,inhibitory,inhibitory
25,864691135818473859,0,172099,excitatory,1.2035301949624735,0.08119809782631131,0.011171550372076388,0.9615707625135994,3670036.7124048136,0.29905476057497493,3360588.5359181236,excitatory,1,6IT,1,excitatory,inhibitory
26,864691135901598174,0,323330,inhibitory,1.9850112446208363,0.18520439842156128,0.028492984372547887,1.3083028657728237,842312.6088232183,0.4895096062900548,823272.9139971274,inhibitory,1,NGC,1,inhibitory,inhibitory
27,864691135945756708,0,195929,inhibitory,2.2209184478679664,0.39779656473652103,0.047196202595858425,1.4104922261505117,741585.0868279672,0.45466695776010313,679618.3332131171,inhibitory,1,,,,inhibitory
28,864691135975684931,0,404260,excitatory,0.9562633867157017,0.1056827609374091,0.00602180974002331,0.7364673312048508,3321260.694616795,0.20935982445443996,2932749.8797822893,excitatory,1,5P_IT,1,excitatory,inhibitory
29,864691135996750538,0,527950,excitatory,1.3818725752756664,0.20243702078277784,0.022391453766040893,0.9847669972615942,2188334.911702513,0.2917539482184576,2046244.8019828757,excitatory,1,MC,1,inhibitory,inhibitory
30,864691136020235256,0,295288,inhibitory,1.225442192421424,0.11124072610560512,0.007176821039071298,0.9814302770929999,557349.8319414151,0.2980253284087,473114.1502397348,inhibitory,1,BPC,1,inhibitory,inhibitory
31,864691136020323832,0,550821,inhibitory,1.309884972290687,0.10029747107891936,0.0065193356201297585,0.9989628119460369,1994068.2237404513,0.27451809962272755,1755804.0823625708,inhibitory,1,NGC,1,inhibitory,inhibitory
32,864691136051191947,0,617541,inhibitory,2.1570218003588266,0.30079730037340147,0.03749067801755438,1.4839333485087804,1146951.783050335,0.4279560962326434,976735.7064888472,inhibitory,1,MC,1,inhibitory,inhibitory
33,864691136065289880,0,187118,inhibitory,1.3121257619082514,0.09446866096618638,0.008787782415459197,0.9633606472947146,1820709.6220149111,0.32956629939000365,1647619.9204986738,inhibitory,1,NGC,1,inhibitory,inhibitory
34,864691136138596177,0,151977,inhibitory,0.82778233062013,0.06708122614425689,0.0026832490457702756,0.6681290123967986,745365.0279509793,0.20342812750401312,570225.9634558727,inhibitory,1,NGC,1,inhibitory,inhibitory
35,864691136296983323,0,191939,inhibitory,2.400980708294911,0.2650615384741461,0.07853675214048775,1.4964056166767934,1426083.9281926593,0.5424600121865557,1288574.2438091624,inhibitory,1,MC,1,inhibitory,inhibitory
36,864691136333830067,1,580156,excitatory,1.6684232314963454,0.18870008273285716,0.015725006894404765,1.0826667246797679,1271859.537760607,0.4714791135175042,1194114.4026501991,excitatory,2,23P,2,excitatory,inhibitory
37,864691136482877484,0,619549,excitatory,1.45881758301481,0.17862380721394164,0.04541857716635329,0.966670015510743,2950334.6066787196,0.3942404606285679,2729298.759149303,excitatory,1,5P_IT,1,excitatory,inhibitory
38,864691136557212066,0,563883,inhibitory,0.5515784086678441,0.035347051524168845,0.0032880978162017527,0.4997908680626664,1216508.8216933282,0.08540328871275375,948441.2277428353,inhibitory,1,BPC,1,inhibitory,inhibitory
39,864691136723391229,0,555568,excitatory,2.167003344343197,0.20106216596998733,0.03780656112256172,1.3923984613434381,2327638.3089887663,0.5006221615170008,2069424.9668466148,excitatory,2,6IT,2,excitatory,inhibitory
40,864691136965901006,0,495714,inhibitory,2.1528936948474775,0.2933680549401815,0.02852189423029542,1.4541072862052398,1963403.9572490193,0.4788863111923368,1528546.5107103558,inhibitory,1,MC,1,inhibitory,inhibitory
41,864691137053666678,0,452048,inhibitory,1.9328920732801944,0.20341932639339322,0.018789736976096563,1.4541622529326905,1224072.4832529342,0.4824134408204867,1061330.2961235752,inhibitory,1,NGC,1,inhibitory,inhibitory
0,864691134884742394,0,366629,excitatory,0.24230299744760803,0.0643994677601616,0.0016099866940040399,0.17146358291143027,1242246.2915056746,0.08002287703959766,1037203.3982098541,excitatory,1,5P_NP,1,excitatory,excitatory
1,864691134884765178,0,268075,excitatory,1.1554621815188297,0.12499886893718233,0.0055969642807693586,0.8022315469102747,1608014.5501237432,0.3609062562356703,1388172.1121311043,excitatory,1,6CT,1,excitatory,excitatory
2,864691134940060771,0,273550,excitatory,0.4330701857943088,0.06701086015754894,0.0010001620919037153,0.3230523556849001,1999675.8687316235,0.19405756817518,1870578.9390925067,excitatory,1,6IT,1,excitatory,excitatory
3,864691134964424991,0,334210,excitatory,1.0871330183369803,0.116281949429715,0.00550447097892142,0.802964704050162,1453364.007301492,0.32456090525105813,1408056.2156631157,excitatory,1,4P,1,excitatory,excitatory
4,864691134988419194,1,434504,excitatory,0.36015769797891584,0.08409773658390929,0.004875231106313581,0.23035466977331673,1640947.8495572738,0.1572006894673942,1609407.6995284173,excitatory,2,6CT,2,excitatory,excitatory
5,864691134988468602,0,129302,excitatory,0.8224135862312594,0.0917714731416856,0.0007059344087821969,0.6120451324141647,1416562.2011896174,0.24115422872383124,1318658.1951427117,excitatory,1,5P_NP,1,excitatory,excitatory
6,864691135012575478,1,222413,excitatory,0.5584282872812552,0.017583518274871226,0.0,0.4838499166671461,1649271.7524822196,0.14436059048094727,1142971.2184626781,excitatory,2,23P,2,excitatory,excitatory
7,864691135012766710,1,403949,excitatory,0.34915577216566906,0.09874635505091317,0.0033072941883080967,0.2319830637798965,2116533.8193216403,0.12725172467114151,1917459.2771184258,excitatory,2,5P_NP,2,excitatory,excitatory
8,864691135012884630,0,340062,excitatory,0.29730498508595316,0.051188874842622786,0.002866576991186876,0.22768811529998614,2441936.854136865,0.09834636047401302,2175982.9135369705,excitatory,1,6CT,1,excitatory,excitatory
9,864691135058561435,0,303915,excitatory,1.0134080332141309,0.04825752539114909,0.0,0.78659766387573,207221.56635561964,0.25297637896406583,193693.97332926578,excitatory,1,5P_IT,1,excitatory,excitatory
10,864691135058726811,0,234468,excitatory,1.2675493571812404,0.1400520084284673,0.04307779472729542,0.8247725721075329,5083825.701533297,0.42684771665923477,4615229.09251664,excitatory,2,5P_PT,2,excitatory,excitatory
11,864691135065026116,0,229301,excitatory,1.2610624610215233,0.1533565200493901,0.016515317543780477,0.87924404828317,2543093.700055246,0.38569757909831864,2431957.18830502,excitatory,1,5P_IT,1,excitatory,excitatory
12,864691135082148128,0,675615,excitatory,0.5969447088766185,0.11419127016769089,0.0,0.4323517746349124,1269799.344442585,0.19329321716607453,1132993.7139586154,excitatory,1,6CT,1,excitatory,excitatory
13,864691135099845152,0,263959,inhibitory,1.234770188751734,0.2803867191437071,0.016538236610109766,0.8411601574311214,3930286.0112828305,0.42296093421922826,3489683.988722615,inhibitory,1,5P_PT,1,excitatory,excitatory
14,864691135104027725,0,403222,excitatory,0.6284561034261141,0.06172012569753865,0.0036305956292669796,0.4781494443744612,2754368.98546011,0.18048307411435058,2476686.538022892,excitatory,1,6CT,1,excitatory,excitatory
15,864691135134692889,0,560728,excitatory,1.2882054075544278,0.19043438389394485,0.009244387567667225,0.8731324057661695,4326949.698636856,0.4307711720971343,3997481.984731577,excitatory,1,5P_PT,1,excitatory,excitatory
16,864691135155536996,0,671274,excitatory,0.6526954757862841,0.06997262569940832,0.0011470922245804642,0.4955438410187605,871769.4868568555,0.18211856855603084,807166.458453542,excitatory,1,6CT,1,excitatory,excitatory
17,864691135162215213,0,301660,excitatory,0.5137634657464439,0.10283398483690688,0.0008129168761810822,0.36499967740530587,2460276.1470466605,0.18742304329577716,2262261.8464842374,excitatory,1,4P,1,excitatory,excitatory
18,864691135162277933,2,433477,excitatory,0.5267130623123333,0.07140837577119699,0.0006103279980444186,0.4028164787093163,1638463.257796051,0.13192130140844785,1485734.2817833112,excitatory,3,5P_IT,3,excitatory,excitatory
19,864691135181746690,0,232089,inhibitory,1.2701556083994099,0.12654819534576628,0.009527065842792063,0.9273609940181935,5563097.90176358,0.4250961560053268,5130603.9097014805,inhibitory,2,BC,2,inhibitory,excitatory
20,864691135207720313,0,463104,excitatory,0.8450260622065557,0.07519697995164011,0.001879924498791003,0.642934178586523,1063872.5125855953,0.22883409073169314,987615.0851359988,excitatory,1,MC,1,inhibitory,excitatory
21,864691135207740793,0,41279,inhibitory,0.7638328732501186,0.08759551298739891,0.005255730779243935,0.6149205011715404,570805.4932812913,0.2134137764909484,393601.5817777477,inhibitory,1,MC,1,inhibitory,excitatory
22,864691135207775097,0,204833,excitatory,0.8588059409249085,0.07680378333474791,0.0011636936868901198,0.6342130593551153,1718665.3348140465,0.2658381243689247,1606240.6436761427,excitatory,1,6CT,1,excitatory,excitatory
23,864691135213057336,1,722117,excitatory,0.5546715684353232,0.06014510983033625,0.0,0.4510883237275219,598552.4027065982,0.14533038006937518,543589.0277193827,excitatory,3,6IT,3,excitatory,excitatory
24,864691135213065528,0,532147,excitatory,0.9750562941835743,0.10353690546485377,0.00251303168604014,0.7126957861609837,1989628.7133086855,0.2630148998398175,1817387.5331439918,excitatory,1,6CT,1,excitatory,excitatory
25,864691135233135193,0,466159,excitatory,0.843687070238067,0.08431665970300237,0.002081892832172898,0.6266497424840423,1921328.4844374766,0.25512745120166436,1630557.5822617952,excitatory,1,5P_IT,1,excitatory,excitatory
26,864691135274059493,0,693032,excitatory,0.7681372917854375,0.22104670267206836,0.011052335133603418,0.475250410744947,180957.23445077398,0.19301050252711807,62172.782531945355,excitatory,1,4P,1,excitatory,excitatory
27,864691135274095333,0,693157,excitatory,0.5786910572825645,0.06091484813500679,0.015228712033751698,0.39975369088598206,262661.7399511344,0.19508070983406584,112773.83611487283,excitatory,1,23P,1,excitatory,excitatory
28,864691135274132453,0,563696,excitatory,0.9920174304416504,0.09561613787389403,0.0013280019149151947,0.7423530704375939,1506021.924770883,0.22264941249872972,1248599.7464807418,excitatory,1,6CT,1,excitatory,excitatory
29,864691135293051148,0,432733,excitatory,0.9645545116741754,0.10970157494736965,0.0018207730281721104,0.7233020854413708,2196869.0979652936,0.24613554592864742,1970458.9931134826,excitatory,1,MC,1,inhibitory,excitatory
30,864691135341044933,0,266617,excitatory,0.9308189754049074,0.09029941554971466,0.0020999864081328993,0.7113703957550195,1904774.2330658254,0.24013508952746668,1819809.0119187513,excitatory,1,4P,1,excitatory,excitatory
31,864691135341046981,0,339455,excitatory,0.9259098432451404,0.09277904996633769,0.0,0.7121418970389164,1595187.7072862645,0.2270667202735557,1285965.6388581153,excitatory,1,5P_IT,1,excitatory,excitatory
32,864691135341055941,0,664718,excitatory,0.5449289174712573,0.05220875856012045,0.0,0.4339853055310013,306461.9891617489,0.18061083015092155,177176.52907779807,excitatory,1,4P,1,excitatory,excitatory
33,864691135341135025,0,200606,excitatory,0.35180274474447226,0.07351722056643635,0.003738163757615408,0.25502583857509564,2407599.180657923,0.1236562438319232,2256254.850982083,excitatory,1,5P_NP,1,excitatory,excitatory
34,864691135354895567,0,434523,excitatory,0.5104565788358343,0.09412968594291987,0.0004146682200128629,0.35122398235089486,2411566.5289444663,0.18066129097425238,2324792.4208615217,excitatory,1,6CT,1,excitatory,excitatory
35,864691135366968569,0,264588,excitatory,1.2657331070962723,0.23899626009872396,0.01225621846660123,0.9166165810779343,5385021.50396985,0.376954325680676,4952854.690362581,excitatory,2,4P,2,excitatory,excitatory
36,864691135373742665,0,434122,excitatory,0.5273591258039991,0.05367082370296773,0.0010387901361864724,0.40443562635526653,2887975.0543390536,0.15321292687392907,2669487.544850212,excitatory,1,6IT,1,excitatory,excitatory
37,864691135382967275,0,588765,inhibitory,1.1749868285501144,0.1671622410478143,0.006872450055170116,0.8438964405980951,4947289.500404872,0.37245248261787955,4550916.100991595,inhibitory,1,5P_PT,1,excitatory,excitatory
38,864691135382980587,0,435775,excitatory,0.9319315828745571,0.08680277029060161,0.004260258664569404,0.6981498886563111,1877820.2522143293,0.23670122126791318,1584275.7295094463,excitatory,1,6CT,1,excitatory,excitatory
39,864691135384731890,0,232913,excitatory,0.8527035487471006,0.1315484113969024,0.0020238217137984985,0.6429006977499897,2964688.0251811496,0.23706882398010554,2682765.2380532846,excitatory,1,MC,1,inhibitory,excitatory
40,864691135385235797,0,560425,excitatory,0.8462648713685132,0.1491685669433251,0.003975038950803894,0.6173863128327521,4779827.376573889,0.2586914010096944,4476376.08161782,excitatory,1,5P_PT,1,excitatory,excitatory
41,864691135385322837,0,126176,inhibitory,1.1558459557838745,0.19391087392682668,0.008762180943648357,0.8019300385382517,2624917.2606590074,0.3759765617310299,2385787.0178665696,inhibitory,1,NGC,1,inhibitory,excitatory
42,864691135385364821,0,621311,excitatory,0.48332039302470187,0.07568191899414878,0.0005219442689251639,0.3648390439786896,1915913.3638142876,0.12440751891918579,1679962.769258061,excitatory,1,6CT,1,excitatory,excitatory
43,864691135388622834,0,266228,excitatory,0.9778042347050508,0.11044964777399245,0.0032485190521762486,0.7330824661077734,1846995.4781334833,0.26465030096955955,1636121.3209041627,excitatory,1,4P,1,excitatory,excitatory
44,864691135390940853,0,402705,excitatory,0.9000406877186818,0.1137748950615038,0.004063389109339422,0.674522592150344,492199.9705622917,0.2519301247790442,492199.9705622917,excitatory,1,6CT,1,excitatory,excitatory
45,864691135425992434,0,342467,excitatory,0.9531617981311223,0.09253507111829995,0.0030339367579770475,0.7200543238932192,1977628.5659957686,0.26028146811593234,1652057.6862908776,excitatory,1,6CT,1,excitatory,excitatory
46,864691135435048946,0,238640,excitatory,0.788426310940618,0.08990259000881536,0.003233906115425013,0.6034468811383074,1546117.8591892673,0.23344768555609527,1405025.7093732664,excitatory,1,6CT,1,excitatory,excitatory
47,864691135445543570,0,234163,excitatory,0.5362618501897489,0.0979118274983575,0.001638691673612678,0.3764894120125128,2440971.6998082716,0.1827697258457758,2292502.2076881556,excitatory,1,5P_NP,1,excitatory,excitatory
48,864691135454211690,0,517537,inhibitory,0.9199650394166707,0.11166931005315993,0.00807820540810093,0.699477550630857,2104427.7956775124,0.2101536720722879,1960470.1451910948,inhibitory,1,BC,1,inhibitory,excitatory
49,864691135462240925,0,238212,excitatory,0.8227147190441659,0.06328574761878199,0.0010460454151864792,0.6412258395093117,1911962.875573102,0.21032983464803645,1635526.4129582266,excitatory,1,6CT,1,excitatory,excitatory
50,864691135463536453,0,550904,excitatory,1.0384053550202401,0.09884513614829306,0.005314254631628659,0.8694120577344487,940865.7180711061,0.2714417861151261,685229.7970111063,excitatory,2,NGC,2,inhibitory,excitatory
51,864691135463679301,0,463473,excitatory,0.82073045856987,0.13655569725779734,0.002513295041554553,0.6165950501947169,3580956.414266912,0.23088528470207215,3274353.3264821144,excitatory,1,5P_IT,1,excitatory,excitatory
52,864691135472209202,0,269705,excitatory,0.5201024372452078,0.08471519729600878,0.0008145692047693151,0.3824402416391935,2455285.5525226947,0.15099948924189469,2390736.563497202,excitatory,1,6CT,1,excitatory,excitatory
53,864691135474036210,0,132795,excitatory,0.6030370536932764,0.07346320039695635,0.0019164313147032091,0.46377637815817657,1565409.6115960197,0.19537374141587613,1381966.6759888323,excitatory,1,6CT,1,excitatory,excitatory
54,864691135474636352,1,465501,excitatory,1.284365251908009,0.13584632472103944,0.007903786165587748,0.8718864113913984,2024346.2645361426,0.3952400898872444,1758424.8606923257,excitatory,2,6CT,2,excitatory,excitatory
55,864691135491199071,0,79451,inhibitory,1.2171172700893964,0.15672468957315513,0.0033345678632586196,0.8747683027948446,899666.8003236641,0.43729738637935905,626575.8921373995,inhibitory,1,5P_PT,1,excitatory,excitatory
56,864691135491433823,0,304634,excitatory,0.26815578032375753,0.06433774216559018,0.001964511211163059,0.1866285650604906,2036129.8918889146,0.10227535657756055,1945727.7555330573,excitatory,1,5P_NP,1,excitatory,excitatory
57,864691135494010256,0,693133,excitatory,0.556463818130874,0.07949483116155344,0.00496842694759709,0.41734786359815557,201270.94763537502,0.1635279313704857,18345.4898185146,excitatory,1,4P,1,excitatory,excitatory
58,864691135502071221,0,669876,excitatory,0.5392238228097818,0.08218220735850018,0.00038765192150235937,0.38842722534536406,2579633.8016962823,0.19788577245088845,2314466.5446509905,excitatory,1,6IT,1,excitatory,excitatory
59,864691135510472656,1,596902,excitatory,0.8537100884572214,0.11293474264344408,0.0019141481803973575,0.6173127881781477,1044851.1878452486,0.26985660516054283,970886.0001560133,excitatory,2,5P_PT,2,excitatory,excitatory
60,864691135534109636,0,273974,excitatory,0.8929639945000266,0.08795126249420887,0.001034720735225987,0.6642907120150835,1932888.683788861,0.24479452560083456,1777000.5229174006,excitatory,1,6CT,1,excitatory,excitatory
61,864691135560561633,0,271181,excitatory,0.9155145910067533,0.07682236000245941,0.0017328351880254004,0.6890907931047676,1731266.7821678752,0.2536149465056226,1510163.3609417768,excitatory,1,6CT,1,excitatory,excitatory
62,864691135567959020,0,300654,inhibitory,1.1382759324426241,0.2295303757325298,0.007031959665018587,0.8205756009102458,5546106.897343376,0.35181546476642395,5221487.3533760505,inhibitory,1,5P_PT,1,excitatory,excitatory
63,864691135571230501,0,463604,excitatory,0.3118025452581,0.10009123721730605,0.006288454694281007,0.1965142091962815,1908258.957628067,0.10954541691393588,1880498.5713080398,excitatory,1,5P_NP,1,excitatory,excitatory
64,864691135614155211,0,337397,excitatory,1.0550591454197513,0.14556854783613093,0.006256527843959781,0.8202308003431273,4794991.846629884,0.29464640844173057,4561399.567392963,excitatory,2,23P,2,excitatory,excitatory
65,864691135639003451,0,207298,excitatory,0.4524914433266404,0.05627431655585121,0.0,0.3594665526934986,870734.6974417435,0.19091001512706232,780472.4120986076,excitatory,1,6IT,1,excitatory,excitatory
66,864691135644709359,0,667902,excitatory,0.5619593456631807,0.10476181767212313,0.0030277981986162753,0.4093583164529205,1651365.0091624449,0.17687520448187222,1492577.7797591586,excitatory,1,5P_IT,1,excitatory,excitatory
67,864691135654033858,1,207888,excitatory,0.929630478739408,0.0852589278843877,0.005136079993035403,0.6902891510639582,973505.0869106537,0.26325286672919734,942060.0165965613,excitatory,2,6CT,2,excitatory,excitatory
68,864691135660488176,0,369364,excitatory,0.2638735259917759,0.04924400309001451,0.0023228303344346468,0.20069254089515345,2152546.368057032,0.07818474088368371,2084805.7838101282,excitatory,1,5P_NP,1,excitatory,excitatory
69,864691135681876164,0,460787,excitatory,2.2020698171484225,0.46958460059013934,0.03794271420631964,1.2489766841493106,2872751.785950127,0.7371420483648596,2479847.682078236,excitatory,1,5P_PT,1,excitatory,excitatory
70,864691135692703679,0,165156,excitatory,0.8525166397702038,0.08409649237841577,0.0036965491155347588,0.6237926632464905,2164180.631708632,0.2588766822519991,1912107.323432671,excitatory,1,5P_IT,1,excitatory,excitatory
71,864691135718461745,0,302096,excitatory,0.843113264408689,0.0816642774477354,0.00281600956716329,0.647118998534124,1775562.14946981,0.26380848224712666,1512460.8450846954,excitatory,1,5P_IT,1,excitatory,excitatory
72,864691135731052180,0,551589,inhibitory,2.0091582207557677,0.3084234110809293,0.038637658091457076,1.1062571579869815,1475244.6917222166,0.583627283271507,1319335.1683008815,inhibitory,1,NGC,1,inhibitory,excitatory
73,864691135739624852,0,560221,excitatory,0.39237937640468507,0.07311416951640094,0.002437138983880032,0.29733095603336385,2051585.9099835914,0.12293246676966117,1691985.8965307355,excitatory,1,5P_NP,1,excitatory,excitatory
74,864691135745821629,0,666299,excitatory,0.8576966994854036,0.10380053953083654,0.0008948322373347978,0.6228032371850193,2235055.820023735,0.24373189393444167,1948862.712763247,excitatory,1,4P,1,excitatory,excitatory
75,864691135748563241,0,560033,inhibitory,1.182184371939523,0.16277295730773667,0.007156684217006826,0.848982469557019,6008369.056974278,0.35087027943640703,5614610.628077006,inhibitory,1,5P_PT,1,excitatory,excitatory
76,864691135753044413,0,669736,excitatory,0.573552250875106,0.13102702282922682,0.0016481386519399599,0.3947292071396204,2426980.275774587,0.19954763059925346,2300202.706599901,excitatory,1,6CT,1,excitatory,excitatory
77,864691135753584333,0,399003,inhibitory,1.3251345848913028,0.24722189818007773,0.012447756504924247,0.9349998367116517,6346525.172527929,0.4059586753896768,5825716.121794549,inhibitory,1,5P_PT,1,excitatory,excitatory
78,864691135753617357,0,588873,inhibitory,1.2059163295256925,0.16493173197691227,0.007893881265697431,0.8083670325915262,5953978.583923825,0.44747672390282595,5629343.081869496,inhibitory,1,5P_PT,1,excitatory,excitatory
79,864691135754540221,0,664465,excitatory,1.1918161167394936,0.19782746035431664,0.005390394015103996,0.8948054065072634,1855151.9558644122,0.3576528404270232,1602112.258680403,excitatory,1,5P_PT,1,excitatory,excitatory
80,864691135756006845,0,668063,inhibitory,0.8330262668806444,0.10816426333527747,0.006457567960315073,0.6505999720017436,619428.246761314,0.20121091660504387,581479.3847873516,inhibitory,1,MC,1,inhibitory,excitatory
81,864691135756250557,0,617502,excitatory,1.8409635117494443,0.3485047499434452,0.04525429818542729,1.1472197859584095,2143442.808516159,0.6807707629836353,1593781.7235933233,excitatory,1,5P_PT,1,excitatory,excitatory
82,864691135759526589,0,759876,excitatory,0.8409394664036984,0.11978498213308494,0.0,0.6062586850817361,409066.30470219906,0.2645180988985373,385606.8844617121,excitatory,1,4P,1,excitatory,excitatory
83,864691135784268484,0,671162,excitatory,0.6340288796721838,0.14278969727071028,0.003196784267254708,0.44648420265990757,938443.0568961415,0.18203351928882244,818530.5683377467,excitatory,1,6CT,1,excitatory,excitatory
84,864691135785271492,0,618331,excitatory,1.3022446553210631,0.17383492236476242,0.010620836902585236,0.905588909775533,4613572.400125345,0.43713682897956696,4316726.1939583765,excitatory,1,5P_PT,1,excitatory,excitatory
85,864691135799861346,1,531483,excitatory,0.9257668088695226,0.12094340733449818,0.0017103108107908835,0.7193078609954802,4092823.3370419107,0.23698430743468368,3717545.729237015,excitatory,4,5P_PT,4,excitatory,excitatory
86,864691135807281181,0,132899,excitatory,0.5049579820767733,0.10907844678008513,0.001880662875518709,0.3563856149107954,1063454.8201247267,0.18967430879554534,964811.740514949,excitatory,1,6CT,1,excitatory,excitatory
87,864691135809493452,0,618522,excitatory,0.308724754610418,0.0834017620663965,0.0018431328633457791,0.20643088069472726,2170217.9368333383,0.11534461543132075,1950676.2336380666,excitatory,1,5P_NP,1,excitatory,excitatory
88,864691135855577646,0,617252,excitatory,0.5004676748631669,0.10508309185193382,0.000755993466560675,0.3681688182150487,1322762.754219836,0.18089447167832437,1177482.0867868604,excitatory,1,5P_IT,1,excitatory,excitatory
89,864691135865501317,0,239071,excitatory,0.8274607449955077,0.07297221962814471,0.002211279382671052,0.6173892036417578,2261134.4541911264,0.21757652129748242,1879798.4155688977,excitatory,1,MC,1,inhibitory,excitatory
90,864691135865593989,2,622566,excitatory,1.2287365218761417,0.21311983741015567,0.009024618522254148,0.8969082408271045,1440504.1019676132,0.38538347586126215,1198805.939895357,excitatory,3,6CT,3,excitatory,excitatory
91,864691135865610117,0,530665,excitatory,0.3635550750090674,0.10032825512119666,0.005393992210817024,0.24812364169758308,1853914.430937843,0.1340246983851775,1723562.9162628097,excitatory,1,5P_NP,1,excitatory,excitatory
92,864691135884111984,0,434891,excitatory,0.8530249457828372,0.11035251562520534,0.00165528773437808,0.6245952384386622,1812373.7267509878,0.23326728485845608,1534720.1396768102,excitatory,1,6CT,1,excitatory,excitatory
93,864691135909741737,0,162450,excitatory,0.5621653474886976,0.11961932555787014,0.0022741316645982917,0.39433443064134377,2198641.388199136,0.19514057094155896,2044679.884223016,excitatory,1,5P_IT,1,excitatory,excitatory
94,864691135925538574,1,166289,excitatory,0.5313608986446143,0.13284022466115358,0.0013087706863167841,0.35794878270764047,1528151.5859959486,0.1960912420065932,1407508.0415407845,excitatory,2,6IT,2,excitatory,excitatory
95,864691135941196916,0,198240,excitatory,1.2619264670540682,0.17497299753270693,0.008650977549463978,0.8768184342069619,3583410.0623600376,0.42668097830308555,3081927.873208147,excitatory,3,BC,3,inhibitory,excitatory
96,864691135951957027,0,231542,inhibitory,1.2889926157468838,0.21321859901436824,0.013458981333132879,0.8535827634960589,4235090.204017095,0.42455826964038973,3947632.4449400296,inhibitory,1,5P_PT,1,excitatory,excitatory
97,864691135951989539,0,669050,excitatory,0.8106420091547237,0.11971506464310265,0.0,0.6396204882360056,292360.8662313537,0.2593074544529258,212103.4280176646,excitatory,1,5P_PT,1,excitatory,excitatory
98,864691135968882277,0,593708,excitatory,0.49443635987502726,0.08482976762561742,0.0,0.37567468519916286,412591.0158621074,0.16600449370560413,325292.3989862873,excitatory,1,6IT,1,excitatory,excitatory
99,864691135973522634,0,588692,excitatory,0.2671670227195411,0.07166706631345356,0.0,0.18769945939237836,2051151.3525202682,0.10367134098161596,2025632.1372098324,excitatory,1,5P_NP,1,excitatory,excitatory
100,864691135975477827,0,438031,excitatory,0.8933435947679639,0.10219572640536241,0.004171254138994384,0.6486300186136267,1438416.3131921985,0.2673242624579016,1185825.7723610904,excitatory,1,6CT,1,excitatory,excitatory
101,864691135994746026,0,307132,excitatory,0.9012717877030906,0.10844479739818982,0.0005618901419595328,0.6557257956667748,1779707.322347043,0.2270598123310816,1537039.9385828539,excitatory,1,6CT,1,excitatory,excitatory
102,864691135997664675,0,759671,excitatory,0.5643181518666229,0.12452830725548383,0.0031526153735565525,0.3925006140077908,634393.9120438104,0.1851139553963748,529403.6302674088,excitatory,1,5P_IT,1,excitatory,excitatory
103,864691136008510380,0,589266,inhibitory,1.3296810328346083,0.20402031724713876,0.008371930948589101,0.9256443653157428,5494550.81300596,0.4319798856999958,5021067.118635105,inhibitory,2,BC,2,inhibitory,excitatory
104,864691136023745593,0,670920,excitatory,0.8793512056470909,0.07911566894464978,0.0,0.6134706788658909,1542045.9894657857,0.25799124626775183,1368263.478341606,excitatory,1,6CT,1,excitatory,excitatory
105,864691136050872819,0,336611,excitatory,0.6079267056467635,0.07701008938893428,0.0018120021032690418,0.4783685552630271,1103751.478208436,0.18083202282163882,940098.9788610458,excitatory,1,5P_IT,1,excitatory,excitatory
106,864691136091200948,0,399110,excitatory,0.6160151263136101,0.09381362435773308,0.00041510453255634106,0.4761248988421232,2409031.7536204513,0.15612983449091797,2292963.424750346,excitatory,1,5P_IT,1,excitatory,excitatory
107,864691136100003701,0,340001,excitatory,0.9130315772071573,0.08478150359780748,0.0025083285088108717,0.6973153254494224,1993359.3157502164,0.2466580748492862,1820333.675572346,excitatory,1,6CT,1,excitatory,excitatory
108,864691136123705126,0,675739,excitatory,0.6562129563427771,0.07417163713764514,0.001545242440367607,0.4924172576638107,1941442.9228893765,0.18226338045034743,1772160.7006405345,excitatory,1,6CT,1,excitatory,excitatory
109,864691136123746854,0,764486,excitatory,0.5909178243378823,0.11776669162289365,0.0,0.37935465266135654,959524.2801066595,0.19194941054263825,744987.9611286173,excitatory,1,5P_NP,1,excitatory,excitatory
110,864691136134415499,0,498162,excitatory,0.5053546171932527,0.041108022005958735,0.0,0.43410071238292425,1824461.4150768071,0.08980119412130186,1425370.8010508176,excitatory,1,5P_NP,1,excitatory,excitatory
111,864691136194021590,0,78911,inhibitory,1.1809985881375642,0.15096653057417597,0.009435408160885998,0.8562632906004043,1271805.076726345,0.3606325184175604,1136891.3757391095,inhibitory,1,5P_PT,1,excitatory,excitatory
112,864691136207556074,0,235717,excitatory,0.958926920803452,0.08958832824115295,0.0013272344924615254,0.7147157741905313,1506892.7242018443,0.268679376348082,1324999.353648907,excitatory,1,6CT,1,excitatory,excitatory
113,864691136209041852,0,619248,excitatory,0.5445956733060334,0.04871550081642756,0.0,0.4558898359985087,1375332.2633892875,0.11581313699589832,811652.3085229022,excitatory,1,4P,1,excitatory,excitatory
114,864691136237449532,0,338249,excitatory,2.1067068738042027,0.3870886821007249,0.020618125678904593,1.2759959391928535,3007062.861365484,0.8773858258097702,2605467.2103805305,excitatory,1,5P_PT,1,excitatory,excitatory
115,864691136237567548,0,266411,excitatory,1.1600291335984096,0.14962972047790268,0.009092637598337368,0.8062138670525801,6268808.07505434,0.4319733049651329,5222544.9444893235,excitatory,1,5P_PT,1,excitatory,excitatory
116,864691136286558915,0,337995,excitatory,0.28687052395760243,0.06247402521743342,0.003399946950608622,0.21419665788834316,2352977.8894249885,0.0862410226292036,2284295.73298323,excitatory,1,5P_NP,1,excitatory,excitatory
117,864691136309706842,0,366676,excitatory,1.1355011793868188,0.22893863900108644,0.010053767082858248,0.8057376190690682,3481282.1613577334,0.35152246796890746,3225967.3373148474,excitatory,1,5P_PT,1,excitatory,excitatory
118,864691136390371199,0,617693,inhibitory,0.9427801452845046,0.16634406003586386,0.002948491462969522,0.7046894596497157,4069877.817422747,0.26407621226040884,3627740.612453591,inhibitory,1,5P_PT,1,excitatory,excitatory
119,864691136487077650,0,201309,excitatory,0.3225468085764527,0.09234202987471024,0.0013005919700663415,0.22370181885141072,768880.6505156197,0.12601353474755253,730080.3059314773,excitatory,1,5P_NP,1,excitatory,excitatory
120,864691136538011810,0,525935,excitatory,1.2069256557486758,0.19583399941716997,0.006456065914851757,0.8037802063990438,2788075.6233594483,0.42708184497512547,2577960.2035392667,excitatory,1,5P_PT,1,excitatory,excitatory
121,864691136568001698,0,561126,excitatory,0.5919484634817412,0.0933056595664035,0.0,0.43614971099644434,2304254.650780207,0.17240992407471553,2186649.069206848,excitatory,1,5P_IT,1,excitatory,excitatory
122,864691136577526292,0,366657,inhibitory,1.3022729022067399,0.29677647771378085,0.012266306771178084,0.8930552790904932,2934868.715707367,0.43536312968432944,2540408.0515544163,inhibitory,1,5P_PT,1,excitatory,excitatory
123,864691136617154779,0,341627,excitatory,0.875532794422013,0.02801265527949979,0.010985355011568545,0.6854861527218773,1820605.704498238,0.20103545486613697,1566887.7920551295,excitatory,2,6CT,2,excitatory,excitatory
124,864691136723356925,0,669853,excitatory,0.5558837206747017,0.1373130313526281,0.003900938390699661,0.35810614426622894,2563485.756104553,0.1993266936749284,2378005.6311625885,excitatory,1,5P_IT,1,excitatory,excitatory
125,864691136723460093,0,563547,excitatory,0.9294302516803363,0.10878341754780117,0.00286272151441582,0.6794192394213547,1047953.8386437121,0.22415342799222587,927935.8422625322,excitatory,1,6CT,1,excitatory,excitatory
126,864691136732135022,0,200521,excitatory,0.6137936528342169,0.09858417608370804,0.0012858805576135832,0.4556303442477463,2333031.619645596,0.18764483006661611,2153003.6284856624,excitatory,1,5P_IT,1,excitatory,excitatory
127,864691136751786606,0,618505,inhibitory,1.2070839938495201,0.17312495217658372,0.006442627037105691,0.8643031963624865,6053431.275065784,0.37737819369878034,5548810.278294486,inhibitory,1,5P_PT,1,excitatory,excitatory
128,864691136783398766,0,271299,excitatory,0.5115617165908651,0.06330362379218064,0.00042772718778500427,0.396930830264484,2337938.827733922,0.15117931990496697,2017471.7030856232,excitatory,1,6CT,1,excitatory,excitatory
129,864691136884371310,0,401933,excitatory,1.2953950716659215,0.22159548046880273,0.006723503832176062,0.8866620678682182,3569567.3861514553,0.4286763216584521,3244872.4823860913,excitatory,1,5P_PT,1,excitatory,excitatory
130,864691136903030962,0,494462,excitatory,0.34104727791125283,0.0994519089214891,0.0029107875781899245,0.21733880583818105,2061297.7892846116,0.1431846732005527,1718060.980279909,excitatory,1,5P_NP,1,excitatory,excitatory
131,864691136989924501,0,164154,excitatory,0.8718387436827142,0.11462421729693054,0.0034734611302100166,0.632169925698223,1727383.6600086614,0.24434078953170732,1612501.9517008308,excitatory,1,4P,1,excitatory,excitatory
132,864691136990067093,0,335607,excitatory,1.1363408624467204,0.1515627625325895,0.0047482068462590685,0.8858254692380919,5265145.519028209,0.27327941742093814,4936339.563115017,excitatory,1,5P_PT,1,excitatory,excitatory
