,segment_id,segment_id_secondary,synapse_id,prepost,synapse_x,synapse_y,synapse_z,synapse_size
0,864691135510518224,864691132131981616,488967764,postsyn,377516,152938,26813,5588
1,864691135510518224,864691132353084832,478550766,postsyn,372023,155595,27718,6644
2,864691135510518224,864691132434257319,483766883,presyn,372182,155486,27762,4384
3,864691135510518224,864691132533856081,493806807,postsyn,383222,151484,27026,5904
4,864691135510518224,864691132609328070,492120792,postsyn,383246,156192,26708,6332
5,864691135510518224,864691132935728802,478550136,presyn,371370,156720,27781,2068
6,864691135510518224,864691132996130308,480939462,presyn,370330,141276,27795,11064
7,864691135510518224,864691133221053687,498412995,postsyn,390122,144422,26530,4648
8,864691135510518224,864691133284619848,494565947,postsyn,385180,150520,26990,1500
9,864691135510518224,864691133291982119,473336893,postsyn,366498,160807,27448,2148
10,864691135510518224,864691133362472738,488933653,postsyn,379520,142744,27713,9988
11,864691135510518224,864691133392539357,477550189,postsyn,368606,151300,27730,3724
12,864691135510518224,864691133408964286,487803812,postsyn,378206,133622,27683,480
13,864691135510518224,864691133442714301,492120846,postsyn,383302,157216,26755,4664
14,864691135510518224,864691133471457190,492120874,postsyn,383344,157126,26729,6252
15,864691135510518224,864691133479946429,485974764,postsyn,372846,159255,26840,3084
16,864691135510518224,864691133534041420,483710610,postsyn,373140,150602,27021,1448
17,864691135510518224,864691133567838655,498412955,postsyn,390044,144802,26549,932
18,864691135510518224,864691133567862463,498413021,postsyn,390160,144958,26562,4536
19,864691135510518224,864691133607128731,479220146,presyn,370697,150480,26371,8636
20,864691135510518224,864691133641066271,471557152,postsyn,367550,157054,27555,752
21,864691135510518224,864691133655931944,494838931,postsyn,387784,148972,26761,16900
22,864691135510518224,864691133713135861,469701820,postsyn,363644,156424,27500,24956
23,864691135510518224,864691133717004736,468794187,presyn,363722,154550,27349,3516
24,864691135510518224,864691133723800609,493424957,postsyn,383068,129770,27722,6048
25,864691135510518224,864691133742036321,477550313,postsyn,368730,153635,27717,5620
26,864691135510518224,864691133757813376,478881248,postsyn,371752,146882,27403,316
27,864691135510518224,864691133764726574,476011367,presyn,367708,152080,26884,13224
28,864691135510518224,864691133777329579,487457156,postsyn,377720,138994,27601,1024
29,864691135510518224,864691133800618063,494969948,postsyn,385216,126632,27732,21620
30,864691135510518224,864691133856775848,477550559,postsyn,368996,153758,27703,3044
31,864691135510518224,864691133856775848,477550625,postsyn,369098,153646,27773,1668
32,864691135510518224,864691133882623612,481606274,presyn,370708,160752,27802,6400
33,864691135510518224,864691133894198644,487456165,postsyn,376624,141006,27623,7344
34,864691135510518224,864691133921513615,466621268,postsyn,363452,160592,27006,5752
35,864691135510518224,864691133945577284,469701888,postsyn,363708,155920,27546,2608
36,864691135510518224,864691133993206477,493915991,postsyn,381942,139868,27788,3216
37,864691135510518224,864691133993208781,493915973,postsyn,381906,140154,27751,5460
38,864691135510518224,864691134024074843,469345618,postsyn,363630,157906,27302,2752
39,864691135510518224,864691134036269915,469701355,postsyn,363082,158043,27403,1328
40,864691135510518224,864691134036273499,469701227,postsyn,362964,157687,27446,8616
41,864691135510518224,864691134070651258,488160814,postsyn,377792,139198,27630,2680
42,864691135510518224,864691134071903877,477536575,postsyn,372071,151541,27569,1648
43,864691135510518224,864691134118261440,488882555,presyn,378024,143934,26004,3004
44,864691135510518224,864691134131070924,493424091,presyn,381896,129734,27704,2240
45,864691135510518224,864691134172056268,482532171,postsyn,373978,141712,27819,5732
46,864691135510518224,864691134211301313,482533513,postsyn,375764,140820,27652,3196
47,864691135510518224,864691134215386770,488903456,postsyn,378662,153696,26568,6744
48,864691135510518224,864691134216605056,493425460,postsyn,383846,128748,27708,8284
49,864691135510518224,864691134239008224,488235219,postsyn,379676,137768,27647,2052
50,864691135510518224,864691134297942347,478550176,postsyn,371444,158070,27788,5440
51,864691135510518224,864691134320192087,478549612,postsyn,370913,158029,27792,11996
52,864691135510518224,864691134326687708,485976460,postsyn,373670,159516,26753,8824
53,864691135510518224,864691134348930543,481443683,postsyn,371196,145226,26958,2808
54,864691135510518224,864691134364033796,466547506,postsyn,363284,159788,27108,20768
55,864691135510518224,864691134389197583,478549671,postsyn,370958,158336,27791,3252
56,864691135510518224,864691134392429429,488232745,postsyn,376907,134705,27676,1596
57,864691135510518224,864691134469016843,490244027,postsyn,379578,152142,27273,2556
58,864691135510518224,864691134478574694,471802361,postsyn,365646,160220,27728,2896
59,864691135510518224,864691134532269395,498932151,postsyn,389596,145140,26619,2036
60,864691135510518224,864691134555876649,493735037,postsyn,381724,130900,27643,5876
61,864691135510518224,864691134574904677,471802163,postsyn,365434,159718,27725,13320
62,864691135510518224,864691134577775338,480829203,postsyn,371918,145966,26241,416
63,864691135510518224,864691134577784042,480319434,postsyn,371938,146116,26824,3640
64,864691135510518224,864691134579643509,494839249,postsyn,388136,148582,26731,608
65,864691135510518224,864691134580780388,477550201,postsyn,368616,154400,27692,3336
66,864691135510518224,864691134580781156,471732498,postsyn,367392,155358,27720,13888
67,864691135510518224,864691134581107044,477549696,postsyn,368094,152174,27733,7040
68,864691135510518224,864691134581141348,477550642,postsyn,369116,154030,27691,1536
69,864691135510518224,864691134581144420,477550283,postsyn,368703,153520,27815,2312
70,864691135510518224,864691134581351524,471557115,postsyn,367476,156354,27613,808
71,864691135510518224,864691134581552740,477550435,postsyn,368858,153822,27727,4780
72,864691135510518224,864691134591899405,478550465,presyn,371708,155758,27793,3468
73,864691135510518224,864691134591942925,478550457,presyn,371745,155859,27798,5480
74,864691135510518224,864691134597473867,490244032,postsyn,379592,151344,27274,2516
75,864691135510518224,864691134598587380,471556763,postsyn,366728,157790,27524,3476
76,864691135510518224,864691134628138793,480860185,postsyn,371418,157642,27168,2432
77,864691135510518224,864691134633881380,488395887,presyn,379550,149636,27658,1756
78,864691135510518224,864691134645561140,478344942,postsyn,369045,145438,27753,2084
79,864691135510518224,864691134667401805,488967190,postsyn,376654,152332,26853,1968
80,864691135510518224,864691134668413261,486009181,postsyn,375506,152110,27476,11972
81,864691135510518224,864691134668413261,490057920,postsyn,376324,151709,27461,696
82,864691135510518224,864691134668812587,483596990,postsyn,373672,143894,27690,1344
83,864691135510518224,864691134668960043,483596884,postsyn,373646,144370,27695,16244
84,864691135510518224,864691134670370637,488340017,postsyn,380046,154908,26404,14344
85,864691135510518224,864691134670869837,488967766,postsyn,377542,153228,26755,10812
86,864691135510518224,864691134681844443,477536108,postsyn,371642,153280,27593,2868
87,864691135510518224,864691134698751023,466144823,postsyn,363406,154490,27537,6184
88,864691135510518224,864691134705754212,488967565,postsyn,377112,152742,26802,3596
89,864691135510518224,864691134706579300,486006520,postsyn,372672,151868,27513,7360
90,864691135510518224,864691134706586980,477536142,postsyn,371686,154058,27599,9188
91,864691135510518224,864691134706737252,482469203,postsyn,372764,149970,27175,4832
92,864691135510518224,864691134746849753,472947422,postsyn,364362,157822,27297,9768
93,864691135510518224,864691134752233771,478550779,presyn,371996,155664,27775,192
94,864691135510518224,864691134764542831,485974994,postsyn,373144,159890,26749,6156
95,864691135510518224,864691134786497697,493425013,postsyn,383204,129878,27711,23500
96,864691135510518224,864691134799248969,484879971,postsyn,374324,136758,27651,4100
97,864691135510518224,864691134799373076,494566953,postsyn,386202,149416,26892,19956
98,864691135510518224,864691134799650465,493752233,postsyn,381690,133264,27389,10360
99,864691135510518224,864691134809717036,469345575,postsyn,363542,158678,27261,2476
100,864691135510518224,864691134811036593,494838641,postsyn,387418,149144,26814,1024
101,864691135510518224,864691134816261475,487802667,postsyn,377138,134042,27697,1708
102,864691135510518224,864691134816279907,482531995,postsyn,373594,138917,27652,8756
103,864691135510518224,864691134820442211,488200436,postsyn,379988,135348,27583,6824
104,864691135510518224,864691134830023779,484879866,postsyn,374004,137346,27676,7912
105,864691135510518224,864691134862427066,480940365,postsyn,371824,140420,27700,5960
106,864691135510518224,864691134862925700,469701212,postsyn,362948,156930,27498,2268
107,864691135510518224,864691134882854499,485836278,postsyn,372188,145866,26668,3064
108,864691135510518224,864691134882867555,484589878,postsyn,372644,145726,26309,20604
109,864691135510518224,864691134882872163,484589733,postsyn,372398,145394,26181,4672
110,864691135510518224,864691134882970211,482547007,postsyn,372238,147847,27618,500
111,864691135510518224,864691134885315939,477363177,postsyn,371452,149079,27702,5080
112,864691135510518224,864691134885323363,482546961,postsyn,372186,148498,27557,3788
113,864691135510518224,864691134885323363,482547009,postsyn,372263,148216,27594,4436
114,864691135510518224,864691134885323363,482547105,postsyn,372428,148040,27607,1524
115,864691135510518224,864691134885708643,483706549,postsyn,372164,146038,27486,176
116,864691135510518224,864691134885751907,482546943,postsyn,372144,150130,27510,2164
117,864691135510518224,864691134885751907,482547254,postsyn,372702,147808,27607,4068
118,864691135510518224,864691134885751907,482547490,postsyn,373168,147142,27614,4384
119,864691135510518224,864691134885826915,477363412,postsyn,372041,147040,27831,1832
120,864691135510518224,864691134885826915,482737349,postsyn,372788,147156,27794,748
121,864691135510518224,864691134885826915,482737477,postsyn,373014,147092,27773,4516
122,864691135510518224,864691134885826915,482738142,postsyn,373600,146884,27720,6076
123,864691135510518224,864691134886926947,486025462,postsyn,372166,144980,26074,2836
124,864691135510518224,864691134887081827,481364718,postsyn,370730,146174,27194,11592
125,864691135510518224,864691134887210083,482546927,postsyn,372144,148156,27386,19016
126,864691135510518224,864691134887214691,480235900,postsyn,371256,146186,26405,1424
127,864691135510518224,864691134887309411,483706856,postsyn,372495,146220,27458,1548
128,864691135510518224,864691134887309411,483707003,postsyn,372682,145951,27503,9312
129,864691135510518224,864691134887312483,477363400,postsyn,372020,146638,27786,5496
130,864691135510518224,864691134887319651,478344569,postsyn,368696,144246,27762,6328
131,864691135510518224,864691134887319651,478344578,postsyn,368688,143734,27797,3832
132,864691135510518224,864691134887327331,478344507,postsyn,368620,145470,27775,664
133,864691135510518224,864691134887330915,478880575,postsyn,370824,147594,27428,14040
134,864691135510518224,864691134887340643,477550251,postsyn,368672,154310,27648,3804
135,864691135510518224,864691134887340643,478880177,postsyn,370372,146658,27532,928
136,864691135510518224,864691134887343459,483711518,postsyn,374326,151276,26987,1164
137,864691135510518224,864691134887536483,477550012,postsyn,368372,151498,27749,828
138,864691135510518224,864691134887562595,477363062,postsyn,370977,149568,27746,9164
139,864691135510518224,864691134887562595,477551733,postsyn,371780,150568,27643,2128
140,864691135510518224,864691134887562595,478881020,postsyn,371366,148274,27472,6080
141,864691135510518224,864691134887562595,478881082,postsyn,371467,148163,27532,2584
142,864691135510518224,864691134887744355,482468770,postsyn,372200,148388,27341,3776
143,864691135510518224,864691134887744355,482547082,postsyn,372406,147984,27415,7584
144,864691135510518224,864691134887744355,482547194,postsyn,372604,147768,27425,4924
145,864691135510518224,864691134887744355,482547318,postsyn,372888,147599,27463,8304
146,864691135510518224,864691134887744355,482547463,postsyn,373104,147238,27554,2656
147,864691135510518224,864691134887744355,482547532,postsyn,373216,146994,27604,2356
148,864691135510518224,864691134887744355,482737792,postsyn,373291,146936,27644,4992
149,864691135510518224,864691134887744355,482737867,postsyn,373372,147016,27687,3436
150,864691135510518224,864691134887744355,482737900,postsyn,373406,147038,27711,3764
151,864691135510518224,864691134892270231,466546956,presyn,362002,159724,27370,4968
152,864691135510518224,864691134896993082,488900485,postsyn,379024,142816,27624,5076
153,864691135510518224,864691134957850569,488967921,postsyn,377796,152660,26729,19720
154,864691135510518224,864691134957852617,488970199,postsyn,379392,153418,26613,2424
155,864691135510518224,864691134976586179,482547337,postsyn,372870,147720,27588,348
156,864691135510518224,864691134988461434,482547067,postsyn,372364,148262,27583,2644
157,864691135510518224,864691135002856901,498933036,presyn,391104,144480,26660,15816
158,864691135510518224,864691135012630518,471730519,postsyn,365280,158218,27818,4176
159,864691135510518224,864691135012630518,475477284,postsyn,365156,153770,27564,12932
160,864691135510518224,864691135020590824,481364417,postsyn,370412,146158,27263,10536
161,864691135510518224,864691135020638534,471802897,postsyn,366288,160538,27695,13812
162,864691135510518224,864691135059188481,494838057,postsyn,386768,149440,26848,8824
163,864691135510518224,864691135072837000,472134056,postsyn,366341,144313,27845,2212
164,864691135510518224,864691135072837000,472134187,postsyn,366562,144438,27830,5648
165,864691135510518224,864691135072837000,472134196,postsyn,366551,144067,27839,1992
166,864691135510518224,864691135072837000,472134749,postsyn,367450,145530,27799,5096
167,864691135510518224,864691135072886152,472134140,postsyn,366476,144691,27833,2748
168,864691135510518224,864691135072934024,472134052,postsyn,366321,145619,27850,1968
169,864691135510518224,864691135072934024,472134224,postsyn,366586,145614,27835,2932
170,864691135510518224,864691135073614145,486009536,presyn,375872,151428,27424,4900
171,864691135510518224,864691135080637331,471731556,postsyn,366327,155928,27761,23820
172,864691135510518224,864691135080721299,471731589,postsyn,366310,156326,27758,11996
173,864691135510518224,864691135080739475,471731402,postsyn,366106,157974,27725,4540
174,864691135510518224,864691135080808339,471731271,postsyn,365968,157310,27707,4584
175,864691135510518224,864691135104004429,481443565,postsyn,370998,145784,27049,1060
176,864691135510518224,864691135104004429,481607436,postsyn,371852,159516,27766,10484
177,864691135510518224,864691135104780234,484881281,postsyn,376136,135154,27657,464
178,864691135510518224,864691135104785098,488232403,postsyn,376542,135432,27656,12424
179,864691135510518224,864691135104803530,482428188,postsyn,374910,141300,27621,10048
180,864691135510518224,864691135104840394,484879718,postsyn,373432,138190,27663,9304
181,864691135510518224,864691135104847818,488232227,postsyn,376344,135314,27699,14144
182,864691135510518224,864691135117845981,475990671,postsyn,367186,162844,27202,160
183,864691135510518224,864691135132797618,484881142,postsyn,376008,135226,27655,3136
184,864691135510518224,864691135132819378,484880771,postsyn,375567,135697,27670,27228
185,864691135510518224,864691135178497298,484195179,postsyn,374488,141618,25605,10936
186,864691135510518224,864691135178503186,484195154,postsyn,374478,142098,25684,12560
187,864691135510518224,864691135181730306,490057853,presyn,376224,151272,27387,1964
188,864691135510518224,864691135187678604,493733931,postsyn,380650,132456,27684,1572
189,864691135510518224,864691135187778444,494968933,postsyn,384650,128254,27733,4092
190,864691135510518224,864691135188048012,493735374,postsyn,382166,130314,27636,6836
191,864691135510518224,864691135188050316,494968911,postsyn,384650,128898,27734,5528
192,864691135510518224,864691135188057996,493735187,postsyn,381900,130162,27702,7312
193,864691135510518224,864691135194412842,482469082,postsyn,372606,149698,27188,2656
194,864691135510518224,864691135194430250,482468868,postsyn,372320,149694,27205,2560
195,864691135510518224,864691135197527169,469700270,presyn,361182,156224,27468,2140
196,864691135510518224,864691135197757057,475477345,postsyn,365238,152884,27495,2924
197,864691135510518224,864691135198613889,488232939,postsyn,377158,134920,27720,10528
198,864691135510518224,864691135198622081,481443126,presyn,370318,145568,27092,5088
199,864691135510518224,864691135213070136,480236266,postsyn,371644,146252,26585,3388
200,864691135510518224,864691135214942337,488932644,postsyn,378510,142924,27661,1268
201,864691135510518224,864691135215963009,478345653,postsyn,369788,145916,27677,1248
202,864691135510518224,864691135215963009,478345792,postsyn,369996,146096,27646,3632
203,864691135510518224,864691135215963009,482546954,postsyn,372230,147081,27386,7608
204,864691135510518224,864691135216285057,471555121,postsyn,364504,155146,27568,164
205,864691135510518224,864691135216286081,471554819,postsyn,364126,155676,27612,4796
206,864691135510518224,864691135224871774,493900234,postsyn,381342,134276,27478,5080
207,864691135510518224,864691135225137537,471554844,postsyn,364147,155394,27523,1752
208,864691135510518224,864691135235766401,482531469,postsyn,372190,140212,27688,2988
209,864691135510518224,864691135238462081,488932825,postsyn,378716,142462,27640,3896
210,864691135510518224,864691135241270040,488900753,postsyn,379324,142372,27625,2904
211,864691135510518224,864691135285432254,482531713,postsyn,372956,139088,27699,22680
212,864691135510518224,864691135285587134,482531441,postsyn,372124,140141,27679,1792
213,864691135510518224,864691135291976118,469701494,postsyn,363246,156554,27473,3744
214,864691135510518224,864691135296084663,471556830,postsyn,366918,156832,27532,1800
215,864691135510518224,864691135296137655,471556935,postsyn,367086,156410,27571,2812
216,864691135510518224,864691135300624318,487802270,postsyn,376774,133990,27687,2056
217,864691135510518224,864691135319960503,477536315,postsyn,371836,152662,27617,3276
218,864691135510518224,864691135334521321,469699724,presyn,360182,156628,27484,3076
219,864691135510518224,864691135334521321,483710932,postsyn,373611,151190,26979,26352
220,864691135510518224,864691135334521321,487805287,postsyn,379784,133194,27715,3404
221,864691135510518224,864691135334521321,497928368,postsyn,388786,147346,26779,3008
222,864691135510518224,864691135334529513,482531668,postsyn,372790,139374,27683,5628
223,864691135510518224,864691135341019333,478701842,postsyn,370436,146470,27186,3012
224,864691135510518224,864691135345271922,482532424,postsyn,374490,142220,27675,524
225,864691135510518224,864691135348034162,466621284,postsyn,363458,160678,27006,2164
226,864691135510518224,864691135348054386,466481524,presyn,362484,163784,27724,4240
227,864691135510518224,864691135348285143,480708505,postsyn,371391,162884,27848,21628
228,864691135510518224,864691135351177939,488904437,postsyn,380098,154124,26455,5744
229,864691135510518224,864691135351177939,492053395,postsyn,381772,155464,26366,5932
230,864691135510518224,864691135352930238,477535993,postsyn,371546,150556,27588,1024
231,864691135510518224,864691135352932542,482468817,postsyn,372242,149268,27200,3580
232,864691135510518224,864691135352983742,478880249,postsyn,370438,146892,27529,2872
233,864691135510518224,864691135352983742,486006561,postsyn,372690,152448,27456,4196
234,864691135510518224,864691135353319102,477550369,postsyn,368790,151034,27768,3180
235,864691135510518224,864691135353403070,483707142,postsyn,372842,145478,27538,8852
236,864691135510518224,864691135354387902,485836427,postsyn,372430,145714,26738,2672
237,864691135510518224,864691135354581694,477362381,postsyn,369049,150637,27767,19444
238,864691135510518224,864691135354619582,478881228,postsyn,371730,150052,27550,5432
239,864691135510518224,864691135354896062,484589943,postsyn,372680,145480,26146,5004
240,864691135510518224,864691135354908274,483965740,postsyn,374605,136787,27594,27512
241,864691135510518224,864691135354948722,486025623,postsyn,372330,144412,26027,3344
242,864691135510518224,864691135354948722,486025631,postsyn,372338,144700,26068,1696
243,864691135510518224,864691135354964850,480319441,postsyn,371948,145586,26704,2168
244,864691135510518224,864691135355147966,478881328,postsyn,371916,148138,27403,3816
245,864691135510518224,864691135360127559,488159486,postsyn,376328,141170,27702,8452
246,864691135510518224,864691135372886386,483767064,postsyn,372392,155314,27744,16100
247,864691135510518224,864691135372891250,478345688,postsyn,369838,146170,27652,4928
248,864691135510518224,864691135372891250,483597006,postsyn,373686,143595,27698,6884
249,864691135510518224,864691135376158083,487802787,postsyn,377345,133496,27751,32576
250,864691135510518224,864691135376375683,487805186,postsyn,379674,132890,27740,9344
251,864691135510518224,864691135376405635,493733585,postsyn,380298,132282,27734,8684
252,864691135510518224,864691135382486746,481606838,postsyn,371220,162322,27817,4564
253,864691135510518224,864691135382505690,479461640,postsyn,370826,157498,27096,2748
254,864691135510518224,864691135382505690,479461909,postsyn,371642,158332,27055,22216
255,864691135510518224,864691135385367125,488232659,postsyn,376844,135173,27688,11568
256,864691135510518224,864691135385367125,494968797,postsyn,384504,128814,27765,5892
257,864691135510518224,864691135385541490,480319225,postsyn,371680,145628,26639,9976
258,864691135510518224,864691135385847410,480939543,postsyn,370432,141712,27793,27704
259,864691135510518224,864691135393983989,488968179,postsyn,378172,153432,26656,3440
260,864691135510518224,864691135407329481,488968002,postsyn,377898,153348,26739,3288
261,864691135510518224,864691135411345727,482469099,postsyn,372606,149640,27144,3224
262,864691135510518224,864691135446640468,466142935,presyn,361602,153120,27470,7908
263,864691135510518224,864691135446640468,469345183,presyn,362512,156300,27370,19912
264,864691135510518224,864691135457080516,480687073,postsyn,372024,144490,25955,1332
265,864691135510518224,864691135462782526,480236014,postsyn,371380,145736,26408,1740
266,864691135510518224,864691135463768320,494839126,postsyn,388008,149012,26813,2284
267,864691135510518224,864691135463810816,494838960,postsyn,387798,148762,26769,2164
268,864691135510518224,864691135478269382,482468976,postsyn,372496,148382,27335,18020
269,864691135510518224,864691135478851268,493914915,postsyn,380322,141070,27746,924
270,864691135510518224,864691135482177988,466547546,postsyn,363438,158726,27200,7696
271,864691135510518224,864691135500892402,471556541,postsyn,366408,158706,27471,1580
272,864691135510518224,864691135500892402,473336641,postsyn,366281,159409,27446,1336
273,864691135510518224,864691135529645810,494839508,postsyn,388430,148928,26808,4020
274,864691135510518224,864691135539852018,472854153,postsyn,366962,162578,27239,9612
275,864691135510518224,864691135559303924,478344123,postsyn,368229,144148,27850,3552
276,864691135510518224,864691135559486196,478344631,postsyn,368763,145096,27775,4820
277,864691135510518224,864691135559486196,478359646,postsyn,370432,146474,27556,7144
278,864691135510518224,864691135559486196,478880800,postsyn,371052,147438,27461,3492
279,864691135510518224,864691135559486196,478880918,postsyn,371206,147700,27420,5852
280,864691135510518224,864691135559527924,472134876,postsyn,367610,143066,27852,1796
281,864691135510518224,864691135559597044,472134839,postsyn,367611,143822,27793,7148
282,864691135510518224,864691135559616500,472134966,postsyn,367743,145565,27857,2904
283,864691135510518224,864691135559616500,478344704,postsyn,368857,145679,27832,4984
284,864691135510518224,864691135559631092,478344033,postsyn,368110,145522,27798,3204
285,864691135510518224,864691135559631092,478344180,postsyn,368296,145470,27800,4556
286,864691135510518224,864691135559631092,478345450,postsyn,369576,145804,27687,2172
287,864691135510518224,864691135561523186,466546101,presyn,361108,160954,27284,6580
288,864691135510518224,864691135568914054,469700579,presyn,361820,156304,27432,2148
289,864691135510518224,864691135583698040,482469460,postsyn,373041,149700,27167,540
290,864691135510518224,864691135612040587,493807602,postsyn,384277,151526,27016,500
291,864691135510518224,864691135612240523,493806928,postsyn,383336,151162,27013,4268
292,864691135510518224,864691135613110923,496019394,postsyn,384796,151490,26983,15664
293,864691135510518224,864691135637267185,483712177,postsyn,375196,151954,26954,4104
294,864691135510518224,864691135638965563,478880573,postsyn,370800,147086,27492,3808
295,864691135510518224,864691135644597492,479386399,postsyn,371707,159457,26995,2864
296,864691135510518224,864691135644643567,487457421,postsyn,378010,139618,27619,4496
297,864691135510518224,864691135653426168,493806711,postsyn,383094,151166,27049,4304
298,864691135510518224,864691135663653486,473338008,postsyn,367170,161288,27394,4904
299,864691135510518224,864691135670381080,481606420,postsyn,370820,159894,27797,5972
300,864691135510518224,864691135670415640,481606119,postsyn,370580,160518,27813,20560
301,864691135510518224,864691135670466328,481606729,postsyn,371069,161613,27808,496
302,864691135510518224,864691135670568216,481606629,postsyn,370982,161016,27811,2600
303,864691135510518224,864691135670568216,481606634,postsyn,370978,160760,27787,376
304,864691135510518224,864691135675842034,488882735,presyn,378238,142401,25896,1320
305,864691135510518224,864691135676148210,488882443,presyn,377872,146444,25878,5000
306,864691135510518224,864691135676148210,488882773,presyn,378278,142880,25922,4484
307,864691135510518224,864691135676148210,488882803,presyn,378304,142432,25890,7544
308,864691135510518224,864691135677012722,481606948,postsyn,371330,161304,27790,2032
309,864691135510518224,864691135680192498,493669974,postsyn,380648,151922,27119,4300
310,864691135510518224,864691135683187954,466547458,postsyn,363154,159224,27134,21220
311,864691135510518224,864691135683187954,472897602,postsyn,367262,152120,27681,10152
312,864691135510518224,864691135686918368,493669832,postsyn,380448,151590,27142,1476
313,864691135510518224,864691135697400853,491392351,presyn,381238,140216,26144,8640
314,864691135510518224,864691135703788657,494839320,postsyn,388208,148412,26814,1740
315,864691135510518224,864691135707266516,481606849,postsyn,371214,162023,27818,1260
316,864691135510518224,864691135707279316,481606971,postsyn,371373,161757,27821,1968
317,864691135510518224,864691135707947282,484881144,postsyn,376036,134764,27638,24628
318,864691135510518224,864691135724248491,476009824,presyn,365436,152744,27064,15128
319,864691135510518224,864691135729230140,478880896,postsyn,371172,147459,27486,2112
320,864691135510518224,864691135729981756,480235875,postsyn,371242,146192,26484,3792
321,864691135510518224,864691135730457748,479386197,postsyn,371162,159184,27050,9116
322,864691135510518224,864691135730457748,479461760,postsyn,371306,158534,27025,9328
323,864691135510518224,864691135730514492,478880652,postsyn,370876,147008,27468,1768
324,864691135510518224,864691135730621500,478881005,postsyn,371316,147236,27494,1384
325,864691135510518224,864691135730621500,478881124,postsyn,371524,146600,27492,5672
326,864691135510518224,864691135730640700,478360101,postsyn,370824,146392,27424,2436
327,864691135510518224,864691135730642236,478345529,postsyn,369756,146271,27817,12420
328,864691135510518224,864691135730658620,478344644,postsyn,368775,145706,27840,1424
329,864691135510518224,864691135751113052,498932252,postsyn,389758,146080,26667,2496
330,864691135510518224,864691135751299420,494838656,postsyn,387424,149474,26849,420
331,864691135510518224,864691135752302940,498412830,postsyn,389844,145068,26576,4752
332,864691135510518224,864691135752343132,492052177,postsyn,380997,155094,26380,2072
333,864691135510518224,864691135752926994,477550534,postsyn,368993,154304,27652,10900
334,864691135510518224,864691135753589965,493915101,presyn,380560,139506,27840,1084
335,864691135510518224,864691135754306578,486006590,postsyn,372702,153580,27377,1940
336,864691135510518224,864691135754465042,478550604,postsyn,371862,156038,27758,2276
337,864691135510518224,864691135754484242,480860136,postsyn,371378,155364,27178,3604
338,864691135510518224,864691135757157821,486010441,postsyn,372702,154160,27288,15196
339,864691135510518224,864691135758356572,494839167,postsyn,388052,148488,26747,2600
340,864691135510518224,864691135759443133,488969274,postsyn,378924,153072,26644,8436
341,864691135510518224,864691135759632573,490060287,postsyn,378482,151392,27448,8540
342,864691135510518224,864691135759632573,492054349,postsyn,382164,155578,26516,4592
343,864691135510518224,864691135759632573,493915037,postsyn,380544,140232,27777,20860
344,864691135510518224,864691135759695037,488230664,presyn,380194,140490,25709,18324
345,864691135510518224,864691135759750589,485976339,postsyn,373516,159474,26761,19684
346,864691135510518224,864691135759812541,481443304,postsyn,370576,146266,27079,16512
347,864691135510518224,864691135759822013,472854202,postsyn,367010,161878,27316,8972
348,864691135510518224,864691135759822013,473338408,postsyn,367408,161288,27385,18008
349,864691135510518224,864691135760112317,483712637,postsyn,375839,152089,26906,1144
350,864691135510518224,864691135760112317,488969046,postsyn,378594,153346,26644,232
351,864691135510518224,864691135760112317,488970006,postsyn,379171,153632,26610,4284
352,864691135510518224,864691135760113341,477550619,postsyn,369096,153704,27772,5112
353,864691135510518224,864691135760583613,478560052,presyn,368950,151262,26512,8540
354,864691135510518224,864691135760666813,482739198,postsyn,374671,147170,27762,204
355,864691135510518224,864691135761178130,486025494,postsyn,372226,144144,25890,12052
356,864691135510518224,864691135761441554,481444066,postsyn,371842,145332,26870,14828
357,864691135510518224,864691135764646930,478361117,postsyn,371892,146154,27490,4012
358,864691135510518224,864691135764646930,478881330,postsyn,371925,148720,27491,4464
359,864691135510518224,864691135764686866,478344713,postsyn,368823,145413,27767,2316
360,864691135510518224,864691135764690194,478345090,postsyn,369221,145764,27738,3060
361,864691135510518224,864691135764691218,478343952,postsyn,367978,144969,27854,236
362,864691135510518224,864691135765169170,480687107,postsyn,372078,144674,26070,9600
363,864691135510518224,864691135765262866,478881337,postsyn,371992,148048,27602,7696
364,864691135510518224,864691135765262866,482547124,postsyn,372484,147749,27625,2096
365,864691135510518224,864691135765262866,482547288,postsyn,372800,147535,27623,4760
366,864691135510518224,864691135765262866,482737494,postsyn,372986,147226,27635,3660
367,864691135510518224,864691135765280786,472898346,postsyn,367924,151248,27802,3676
368,864691135510518224,864691135765722813,490243986,postsyn,379536,151480,27366,5428
369,864691135510518224,864691135769302461,469724537,presyn,362662,159014,27477,2888
370,864691135510518224,864691135771694667,477363270,postsyn,371799,146765,27853,28580
371,864691135510518224,864691135771721803,494968805,postsyn,384486,128604,27743,916
372,864691135510518224,864691135774125501,486010262,postsyn,372478,154560,27310,7940
373,864691135510518224,864691135774452816,492053531,postsyn,381852,155684,26463,832
374,864691135510518224,864691135776184765,496019534,postsyn,384994,151152,26944,3468
375,864691135510518224,864691135776629856,480860392,postsyn,371626,155322,27191,2076
376,864691135510518224,864691135776637280,471802593,postsyn,365925,160178,27739,7744
377,864691135510518224,864691135776646240,466482334,presyn,362906,164296,27759,2752
378,864691135510518224,864691135776674912,484589672,postsyn,372354,145142,26290,31436
379,864691135510518224,864691135782423859,462511817,presyn,359330,156819,27459,1924
380,864691135510518224,864691135783306466,497928498,postsyn,388999,146572,26647,32732
381,864691135510518224,864691135786425826,493807397,postsyn,383948,151552,27036,1840
382,864691135510518224,864691135790111160,488899341,presyn,377744,144244,27625,896
383,864691135510518224,864691135791040696,482737641,postsyn,373146,146526,27828,5732
384,864691135510518224,864691135791046584,482737593,postsyn,373058,146994,27740,1020
385,864691135510518224,864691135791309752,482547372,postsyn,372962,146788,27467,6892
386,864691135510518224,864691135791309752,482547401,postsyn,373022,146643,27482,5124
387,864691135510518224,864691135791341240,488898281,postsyn,376520,145122,27615,3352
388,864691135510518224,864691135791341752,488898247,postsyn,376480,144904,27587,22360
389,864691135510518224,864691135791360696,482547143,postsyn,372541,146642,27419,7688
390,864691135510518224,864691135791360696,482547304,postsyn,372834,146717,27456,6360
391,864691135510518224,864691135791360696,482547415,postsyn,373008,146426,27521,2276
392,864691135510518224,864691135791360696,482547506,postsyn,373196,146512,27593,4216
393,864691135510518224,864691135791360696,482547538,postsyn,373240,146496,27610,3036
394,864691135510518224,864691135791376568,482547396,postsyn,372990,147576,27546,3420
395,864691135510518224,864691135791385528,482738183,postsyn,373648,146462,27771,1908
396,864691135510518224,864691135791386040,482738121,postsyn,373570,146670,27700,1928
397,864691135510518224,864691135791394488,488898214,postsyn,376378,145362,27620,236
398,864691135510518224,864691135791409080,482739344,postsyn,374840,147060,27758,232
399,864691135510518224,864691135791409080,483598971,postsyn,375705,146140,27701,1416
400,864691135510518224,864691135791409080,488898313,postsyn,376548,144926,27593,2972
401,864691135510518224,864691135791454904,482664885,postsyn,373030,150436,27081,2916
402,864691135510518224,864691135823095811,492120687,postsyn,383114,156844,26702,3324
403,864691135510518224,864691135824457219,471555066,postsyn,364462,155162,27527,4044
404,864691135510518224,864691135824811267,494839520,postsyn,388448,147820,26748,7956
405,864691135510518224,864691135835058691,485836287,postsyn,372188,145800,26782,2120
406,864691135510518224,864691135835306499,490243976,postsyn,379513,151805,27248,6856
407,864691135510518224,864691135835310083,493733566,postsyn,380312,132700,27666,22120
408,864691135510518224,864691135835312387,491728141,postsyn,381787,132406,27354,600
409,864691135510518224,864691135835608835,481058499,postsyn,371964,154562,27272,716
410,864691135510518224,864691135835608835,481443903,postsyn,371566,145892,26889,2204
411,864691135510518224,864691135835608835,486010300,postsyn,372508,154378,27318,1520
412,864691135510518224,864691135835629059,490219977,presyn,378290,150328,27544,3600
413,864691135510518224,864691135835660035,493425186,postsyn,383480,129510,27737,28588
414,864691135510518224,864691135835706371,488899859,postsyn,378300,143202,27583,3824
415,864691135510518224,864691135835706371,490059303,postsyn,377436,151904,27446,5188
416,864691135510518224,864691135835714563,488162493,postsyn,379730,141772,27748,6532
417,864691135510518224,864691135835733507,490060009,postsyn,378168,151702,27400,4312
418,864691135510518224,864691135835993603,482547422,postsyn,373032,147388,27595,1676
419,864691135510518224,864691135835993603,482547442,postsyn,373062,147418,27523,3488
420,864691135510518224,864691135835993603,482737301,postsyn,372712,147368,27647,3832
421,864691135510518224,864691135836030723,497928321,postsyn,388736,147362,26756,1180
422,864691135510518224,864691135836078083,490243346,postsyn,378688,151726,27349,2576
423,864691135510518224,864691135850427335,494968987,postsyn,384700,127664,27760,3628
424,864691135510518224,864691135876032595,478549345,postsyn,370526,157520,27826,2124
425,864691135510518224,864691135876032595,478549878,postsyn,371130,156538,27786,2404
426,864691135510518224,864691135876032851,483712233,postsyn,375310,151450,26917,26936
427,864691135510518224,864691135876032851,488903825,postsyn,379168,154168,26573,4824
428,864691135510518224,864691135896707843,488932253,postsyn,378200,143848,27656,10096
429,864691135510518224,864691135897487619,477363250,postsyn,371629,149216,27682,3440
430,864691135510518224,864691135897487619,482532577,postsyn,374736,141978,27654,1688
431,864691135510518224,864691135897487619,483596544,postsyn,373314,144629,27638,3576
432,864691135510518224,864691135897487619,483599183,postsyn,375902,145944,27682,2900
433,864691135510518224,864691135897500675,486011890,presyn,374493,152137,27284,10376
434,864691135510518224,864691135897564419,490244240,postsyn,379920,152050,27169,14984
435,864691135510518224,864691135897605635,492051708,postsyn,380438,154786,26412,5224
436,864691135510518224,864691135897657859,493669920,postsyn,380586,151282,27149,7108
437,864691135510518224,864691135897724419,493671079,postsyn,381920,152044,27135,2732
438,864691135510518224,864691135897759747,488904097,postsyn,379554,153814,26510,7504
439,864691135510518224,864691135897769219,492051587,postsyn,380282,154808,26383,7056
440,864691135510518224,864691135897769475,488340106,postsyn,380126,154796,26480,7620
441,864691135510518224,864691135897771523,485976196,postsyn,373292,160032,26723,1288
442,864691135510518224,864691135917489213,469701297,postsyn,363038,156420,27496,3348
443,864691135510518224,864691135917511683,471556968,postsyn,367204,156011,27587,8416
444,864691135510518224,864691135917912579,483966076,postsyn,374962,135838,27583,25848
445,864691135510518224,864691135917912579,483966606,postsyn,375614,135356,27626,8008
446,864691135510518224,864691135917999619,494969081,postsyn,384794,128112,27757,3992
447,864691135510518224,864691135918029571,471554956,postsyn,364308,155406,27545,3628
448,864691135510518224,864691135918058243,480860476,postsyn,371722,155808,27184,2964
449,864691135510518224,864691135918058243,483712756,postsyn,376090,152047,26906,10704
450,864691135510518224,864691135918084099,488234941,postsyn,379438,137884,27652,20132
451,864691135510518224,864691135918101763,488933405,postsyn,379296,142838,27663,6156
452,864691135510518224,864691135918125059,482469408,postsyn,373070,148549,27256,25832
453,864691135510518224,864691135918125059,493752222,postsyn,381674,133030,27441,13804
454,864691135510518224,864691135919705603,481443543,postsyn,371031,146293,26963,21524
455,864691135510518224,864691135920013827,477550147,postsyn,368550,154031,27690,2708
456,864691135510518224,864691135921093379,493425215,postsyn,383488,128984,27640,19544
457,864691135510518224,864691135921154307,484194619,postsyn,373756,141804,25731,14436
458,864691135510518224,864691135922624259,488159837,postsyn,376714,140366,27654,5308
459,864691135510518224,864691135922632963,486157173,postsyn,372272,159292,26944,3076
460,864691135510518224,864691135922638339,483766949,postsyn,372234,155290,27709,4424
461,864691135510518224,864691135923608579,478548025,postsyn,368378,154916,27634,2000
462,864691135510518224,864691135923677443,486009519,postsyn,375838,151749,27498,752
463,864691135510518224,864691135923697667,471557230,postsyn,367740,155914,27578,1584
464,864691135510518224,864691135923721475,488903815,postsyn,379196,154182,26553,23852
465,864691135510518224,864691135929329923,472896423,postsyn,366104,152420,27635,5376
466,864691135510518224,864691135929364227,485836204,postsyn,372080,146260,26721,1200
467,864691135510518224,864691135930139139,478344158,postsyn,368341,143136,27838,1880
468,864691135510518224,864691135937371445,490243567,postsyn,378988,151240,27341,1408
469,864691135510518224,864691135939419393,488395832,presyn,379486,149552,27668,6020
470,864691135510518224,864691135940341052,493805943,postsyn,381698,151330,27102,3476
471,864691135510518224,864691135940525315,485836219,postsyn,372096,146276,26715,4132
472,864691135510518224,864691135940527107,478345659,postsyn,369813,146105,27679,2780
473,864691135510518224,864691135940527107,482547373,postsyn,372950,147087,27460,2912
474,864691135510518224,864691135940527107,482737407,postsyn,372836,147054,27798,936
475,864691135510518224,864691135940527107,482737537,postsyn,372994,146944,27781,820
476,864691135510518224,864691135940527107,488930160,postsyn,376296,145702,27662,5080
477,864691135510518224,864691135940527107,497928678,postsyn,389206,146806,26719,21264
478,864691135510518224,864691135940552707,472897581,postsyn,367242,152468,27682,2796
479,864691135510518224,864691135940552707,475479095,postsyn,367144,152538,27596,1196
480,864691135510518224,864691135940638211,472134315,postsyn,366740,143671,27847,2744
481,864691135510518224,864691135940965180,496019841,postsyn,385476,151026,26961,3856
482,864691135510518224,864691135941143924,479386446,postsyn,371853,158901,27002,14408
483,864691135510518224,864691135941687043,488232924,postsyn,377134,134576,27653,3804
484,864691135510518224,864691135941696771,493899482,postsyn,380292,135740,27569,2432
485,864691135510518224,864691135941827843,482547599,postsyn,373332,146762,27626,3392
486,864691135510518224,864691135941827843,482739348,postsyn,374888,147322,27735,3512
487,864691135510518224,864691135941827843,483707178,postsyn,372856,145518,27569,5172
488,864691135510518224,864691135941846787,496019360,postsyn,384674,151198,27018,3208
489,864691135510518224,864691135941946627,492052539,postsyn,381378,155694,26402,2136
490,864691135510518224,864691135942129155,493899744,postsyn,380594,135128,27524,280
491,864691135510518224,864691135942137603,493899572,postsyn,380370,136372,27585,2004
492,864691135510518224,864691135942419715,488200533,postsyn,380088,136230,27564,6672
493,864691135510518224,864691135942575363,471731159,postsyn,365848,158152,27745,4508
494,864691135510518224,864691135942866435,493670032,postsyn,380716,151658,27139,6544
495,864691135510518224,864691135943064579,487805319,postsyn,379858,132406,27749,14940
496,864691135510518224,864691135945089852,497928278,postsyn,388698,147180,26761,8384
497,864691135510518224,864691135945870628,480686993,postsyn,371987,145205,26068,14052
498,864691135510518224,864691135948281603,487805024,postsyn,379470,133278,27734,3500
499,864691135510518224,864691135949622275,480687046,postsyn,371992,144308,25958,3848
500,864691135510518224,864691135951734552,490059156,postsyn,377274,151188,27411,11084
501,864691135510518224,864691135952290072,483710726,postsyn,373304,150686,27046,716
502,864691135510518224,864691135954979096,472898045,postsyn,367648,152288,27686,1120
503,864691135510518224,864691135954988056,477550941,postsyn,369600,153092,27752,4012
504,864691135510518224,864691135954988312,490198016,postsyn,376426,152872,26882,3896
505,864691135510518224,864691135955004696,480860154,postsyn,371386,157620,27153,5220
506,864691135510518224,864691135955005208,471557170,postsyn,367654,155164,27556,15804
507,864691135510518224,864691135955098136,480860711,postsyn,371934,155224,27239,2080
508,864691135510518224,864691135955108355,471555084,postsyn,364497,154932,27606,10512
509,864691135510518224,864691135955108355,475478209,postsyn,366228,152588,27577,3964
510,864691135510518224,864691135955529475,475477760,postsyn,365784,152868,27578,12424
511,864691135510518224,864691135955529475,475477772,postsyn,365774,152438,27545,4024
512,864691135510518224,864691135955529475,482531754,postsyn,373082,141952,27833,10080
513,864691135510518224,864691135955529475,493670799,postsyn,381616,151470,27139,5112
514,864691135510518224,864691135956659715,493425260,postsyn,383530,129194,27644,6688
515,864691135510518224,864691135956686339,480319518,postsyn,372045,145800,26810,1228
516,864691135510518224,864691135961833766,488967151,postsyn,376594,152125,26818,4368
517,864691135510518224,864691135962054147,492054554,postsyn,382453,155677,26362,6080
518,864691135510518224,864691135963871747,484502116,postsyn,375301,141361,25539,1348
519,864691135510518224,864691135965744387,483597224,postsyn,373992,142838,27717,5412
520,864691135510518224,864691135966010115,483710507,postsyn,372980,150602,27048,3572
521,864691135510518224,864691135966205699,492383580,presyn,380308,140398,25700,2264
522,864691135510518224,864691135966330115,487805615,postsyn,380202,132827,27721,2476
523,864691135510518224,864691135966347523,488199949,postsyn,379356,137358,27620,4836
524,864691135510518224,864691135966359043,488200203,postsyn,379676,137658,27624,5312
525,864691135510518224,864691135966729475,493806240,postsyn,382380,151956,27100,8956
526,864691135510518224,864691135966729475,493806428,postsyn,382715,151385,27036,9556
527,864691135510518224,864691135967611139,478550230,postsyn,371494,158494,27763,3528
528,864691135510518224,864691135967611139,481606666,postsyn,371016,160756,27805,964
529,864691135510518224,864691135968166659,471732220,postsyn,367047,156191,27703,18112
530,864691135510518224,864691135968166659,490244390,postsyn,380148,151794,27165,33948
531,864691135510518224,864691135968179459,493669784,postsyn,380380,152132,27215,2948
532,864691135510518224,864691135968505603,492120782,postsyn,383222,155994,26673,3904
533,864691135510518224,864691135968903171,493899704,postsyn,380548,135612,27528,3744
534,864691135510518224,864691135968908035,480860516,postsyn,371782,154914,27267,36084
535,864691135510518224,864691135969972995,478560128,presyn,369030,151248,26535,884
536,864691135510518224,864691135970692099,486006238,postsyn,372330,153670,27614,1172
537,864691135510518224,864691135970890755,493424499,postsyn,382452,129878,27655,5124
538,864691135510518224,864691135973104643,496860994,postsyn,385874,125664,27744,2212
539,864691135510518224,864691135977196035,491728203,postsyn,381864,132368,27350,3592
540,864691135510518224,864691135977331203,488340125,postsyn,380138,154682,26377,628
541,864691135510518224,864691135977429251,490244166,postsyn,379762,151236,27307,3172
542,864691135510518224,864691135977442051,477536573,postsyn,372064,151326,27520,6148
543,864691135510518224,864691135977533699,493806430,postsyn,382672,151382,27108,664
544,864691135510518224,864691135977954563,471802980,postsyn,366342,160437,27686,204
545,864691135510518224,864691135982714787,492054630,postsyn,382548,156532,26586,6964
546,864691135510518224,864691135982775971,478704719,postsyn,371984,148754,27343,17532
547,864691135510518224,864691135982775971,478704768,postsyn,371972,148010,27308,25060
548,864691135510518224,864691135983028643,479461834,postsyn,371450,158074,27084,412
549,864691135510518224,864691135986210979,478345274,postsyn,369377,145747,27727,7756
550,864691135510518224,864691135986210979,478345728,postsyn,369892,146008,27667,2104
551,864691135510518224,864691135986210979,480236412,postsyn,371800,146016,26353,6320
552,864691135510518224,864691135986210979,481443594,postsyn,371070,145804,27015,3648
553,864691135510518224,864691135986210979,488200004,postsyn,379410,137806,27625,4432
554,864691135510518224,864691135986918915,478359940,postsyn,370678,146352,27538,4172
555,864691135510518224,864691135988082083,486032656,postsyn,373414,142570,25737,192
556,864691135510518224,864691135989985062,473336395,postsyn,365912,160654,27452,384
557,864691135510518224,864691135989985062,473336930,postsyn,366528,161005,27452,1968
558,864691135510518224,864691135994679590,473337695,postsyn,366808,160892,27486,5428
559,864691135510518224,864691135994740131,471732272,postsyn,367080,154799,27729,8316
560,864691135510518224,864691135994740131,473337950,postsyn,367062,160694,27388,928
561,864691135510518224,864691135998476070,477536512,postsyn,372038,150920,27529,9080
562,864691135510518224,864691135998476070,478881306,postsyn,371862,150005,27557,3436
563,864691135510518224,864691135998476070,486005937,postsyn,372104,151466,27530,3780
564,864691135510518224,864691135998548774,471556907,postsyn,367040,156968,27578,4276
565,864691135510518224,864691135999360163,488232810,postsyn,376978,134554,27689,5808
566,864691135510518224,864691136006208931,486025395,postsyn,372106,144412,25942,4980
567,864691135510518224,864691136010813859,469345410,postsyn,363124,158696,27240,1380
568,864691135510518224,864691136010813859,475476708,postsyn,364328,154446,27497,3976
569,864691135510518224,864691136010816163,475477066,postsyn,364836,154310,27575,6692
570,864691135510518224,864691136010917795,475479305,postsyn,367402,152690,27618,2152
571,864691135510518224,864691136010917795,477362477,postsyn,369344,150434,27783,2640
572,864691135510518224,864691136010917795,477362801,postsyn,370182,150020,27771,1292
573,864691135510518224,864691136010917795,477551601,postsyn,371458,151116,27640,7436
574,864691135510518224,864691136010917795,486006094,postsyn,372208,151446,27527,292
575,864691135510518224,864691136013835403,466547569,postsyn,363510,160056,27127,1176
576,864691135510518224,864691136020253944,465962323,presyn,363350,155994,27656,4304
577,864691135510518224,864691136020796023,486176218,presyn,375714,146683,26068,15624
578,864691135510518224,864691136025104267,469701556,presyn,363342,154934,27412,10956
579,864691135510518224,864691136027199627,469701796,postsyn,363618,158012,27396,16348
580,864691135510518224,864691136031716283,480236637,postsyn,372068,146138,26603,15072
581,864691135510518224,864691136037097099,469345498,postsyn,363353,158425,27258,2588
582,864691135510518224,864691136041058390,472895032,presyn,364648,154474,27661,4524
583,864691135510518224,864691136041058390,486006663,postsyn,372792,152048,27469,5448
584,864691135510518224,864691136041058390,486006852,postsyn,372992,152054,27440,3040
585,864691135510518224,864691136041058390,493915267,postsyn,380794,141106,27745,3484
586,864691135510518224,864691136041058390,494839260,postsyn,388140,148614,26779,1996
587,864691135510518224,864691136042418315,471556714,postsyn,366662,158136,27541,2880
588,864691135510518224,864691136042840358,477551321,postsyn,370577,152053,27666,15068
589,864691135510518224,864691136045104267,477550536,postsyn,368998,154002,27753,6640
590,864691135510518224,864691136045414027,469345417,postsyn,363168,157522,27348,12204
591,864691135510518224,864691136045414027,469345502,postsyn,363404,157814,27359,20472
592,864691135510518224,864691136046320267,471803057,postsyn,366456,160198,27700,1416
593,864691135510518224,864691136046320267,478549692,postsyn,371025,158651,27797,13708
594,864691135510518224,864691136046320267,478549898,postsyn,371136,158440,27790,1680
595,864691135510518224,864691136047434379,473336521,postsyn,366130,159710,27503,5508
596,864691135510518224,864691136047583115,473336252,postsyn,365642,159928,27422,11264
597,864691135510518224,864691136047977355,473337818,postsyn,366932,160562,27615,8724
598,864691135510518224,864691136049112459,483711153,postsyn,373868,150756,27037,2012
599,864691135510518224,864691136056377816,484589880,postsyn,372606,145302,26106,7212
600,864691135510518224,864691136065258392,481443773,postsyn,371402,146112,26929,19152
601,864691135510518224,864691136118444056,485974996,postsyn,373132,160192,26704,3680
602,864691135510518224,864691136120762302,475451670,presyn,364047,154104,27224,5680
603,864691135510518224,864691136120764606,471732926,postsyn,367940,154682,27725,3628
604,864691135510518224,864691136120889022,488931406,postsyn,377431,144453,27641,3108
605,864691135510518224,864691136120900542,480939079,postsyn,369775,141839,27796,1200
606,864691135510518224,864691136120904638,471554754,postsyn,364012,156092,27605,512
607,864691135510518224,864691136120940734,492053590,postsyn,381930,155150,26417,12892
608,864691135510518224,864691136120947134,486007750,presyn,373920,152118,27474,2648
609,864691135510518224,864691136121033150,471730432,postsyn,365166,158428,27794,1148
610,864691135510518224,864691136123443646,480236002,postsyn,371354,146106,26474,6844
611,864691135510518224,864691136123505086,472134664,postsyn,367269,143581,27825,220
612,864691135510518224,864691136123505086,478344215,postsyn,368358,143649,27784,2428
613,864691135510518224,864691136123531966,471556626,postsyn,366544,157966,27503,1316
614,864691135510518224,864691136123534782,482468968,postsyn,372470,150236,27132,12208
615,864691135510518224,864691136123547070,483711316,postsyn,374130,151514,26963,13356
616,864691135510518224,864691136123610302,472898166,postsyn,367760,152194,27709,5380
617,864691135510518224,864691136123717566,481607093,presyn,371518,162316,27826,6296
618,864691135510518224,864691136123740862,497928319,postsyn,388746,147776,26768,2876
619,864691135510518224,864691136123744702,469701636,postsyn,363402,156730,27504,7752
620,864691135510518224,864691136123817662,475477580,postsyn,365584,153306,27508,12740
621,864691135510518224,864691136123831486,479386540,postsyn,372028,159016,26972,7240
622,864691135510518224,864691136123831486,480860676,postsyn,371920,154646,27276,3744
623,864691135510518224,864691136127362227,466621223,postsyn,363384,160192,27085,2324
624,864691135510518224,864691136127443891,478550724,postsyn,371994,154768,27636,8844
625,864691135510518224,864691136127722419,473336381,postsyn,365920,160588,27463,2228
626,864691135510518224,864691136127874227,480860490,postsyn,371787,156499,27172,22464
627,864691135510518224,864691136127998643,472854004,postsyn,366748,161690,27331,5520
628,864691135510518224,864691136128237747,466144915,presyn,363524,154474,27492,8440
629,864691135510518224,864691136143665204,486175826,presyn,374742,148292,26059,9384
630,864691135510518224,864691136143665204,488235502,postsyn,380018,137012,27633,10488
631,864691135510518224,864691136193742515,471802074,postsyn,365342,158876,27730,3768
632,864691135510518224,864691136199647934,477362580,postsyn,369694,146430,27814,8148
633,864691135510518224,864691136199647934,478346002,postsyn,370249,146384,27793,4488
634,864691135510518224,864691136199647934,483707291,postsyn,372988,145398,27588,6184
635,864691135510518224,864691136199648958,478881079,postsyn,371437,147287,27400,260
636,864691135510518224,864691136199662782,471557074,postsyn,367406,156710,27527,2596
637,864691135510518224,864691136199666110,494837865,postsyn,386612,150490,26845,15332
638,864691135510518224,864691136199669694,478881415,postsyn,372086,146526,27430,600
639,864691135510518224,864691136199669694,482546952,postsyn,372208,146755,27399,4224
640,864691135510518224,864691136199691710,478346698,postsyn,371343,146319,27781,3292
641,864691135510518224,864691136199691710,482738037,postsyn,373520,146556,27738,4952
642,864691135510518224,864691136199822526,480860359,postsyn,371580,155938,27200,940
643,864691135510518224,864691136199913406,472134379,postsyn,366821,145696,27827,520
644,864691135510518224,864691136199913406,472134542,postsyn,367098,145693,27815,3760
645,864691135510518224,864691136199915454,473336161,postsyn,365494,158938,27480,3792
646,864691135510518224,864691136199915454,486006357,postsyn,372474,152602,27606,10484
647,864691135510518224,864691136199923390,486007524,postsyn,373704,151966,27414,17652
648,864691135510518224,864691136199952318,482428909,postsyn,375794,141076,27625,4324
649,864691135510518224,864691136199952318,483596985,postsyn,373726,142504,27762,11204
650,864691135510518224,864691136200012990,477551361,postsyn,370745,151868,27678,23404
651,864691135510518224,864691136200447422,472947274,postsyn,364020,158336,27313,5688
652,864691135510518224,864691136200449214,482737128,postsyn,372430,146824,27818,1724
653,864691135510518224,864691136200465342,477531319,postsyn,368350,154626,27579,14832
654,864691135510518224,864691136200508862,490059469,presyn,377631,151085,27493,7216
655,864691135510518224,864691136200554942,472897681,postsyn,367334,152288,27630,10252
656,864691135510518224,864691136200558782,492120851,postsyn,383330,157023,26742,8812
657,864691135510518224,864691136200561598,488162268,postsyn,379484,141982,27688,9496
658,864691135510518224,864691136200657598,480235874,postsyn,371276,145926,26445,9496
659,864691135510518224,864691136201430974,487804530,postsyn,378956,133250,27696,4784
660,864691135510518224,864691136202388158,481443459,postsyn,370866,145968,27044,15240
661,864691135510518224,864691136202911678,482469175,postsyn,372716,149642,27181,4372
662,864691135510518224,864691136204495294,471731355,postsyn,366050,158405,27739,2616
663,864691135510518224,864691136207066558,477550182,postsyn,368662,154096,27756,17096
664,864691135510518224,864691136207066558,477550994,postsyn,369696,153194,27704,16076
665,864691135510518224,864691136207104702,481113246,postsyn,368772,154718,27605,3268
666,864691135510518224,864691136209462974,493751722,postsyn,381168,133632,27472,8640
667,864691135510518224,864691136212037054,480236203,postsyn,371619,146257,26372,15684
668,864691135510518224,864691136212068286,480829320,postsyn,372064,145366,26257,5356
669,864691135510518224,864691136212194494,486025597,postsyn,372316,144062,25995,6428
670,864691135510518224,864691136212256446,493899898,postsyn,380832,134834,27541,11552
671,864691135510518224,864691136212567486,481607141,postsyn,371512,160902,27785,1452
672,864691135510518224,864691136212567486,483707534,postsyn,373222,145056,27614,6452
673,864691135510518224,864691136213593278,475477469,postsyn,365414,153228,27529,1324
674,864691135510518224,864691136215663550,488968105,postsyn,378072,153132,26762,4072
675,864691135510518224,864691136215663550,492054296,postsyn,382122,155640,26448,8156
676,864691135510518224,864691136215999166,486008840,postsyn,375054,152198,27430,4776
677,864691135510518224,864691136220073139,485976409,postsyn,373574,160126,26733,3012
678,864691135510518224,864691136220352958,494970805,postsyn,385567,127227,27741,7316
679,864691135510518224,864691136220772542,482426658,postsyn,372695,139619,27624,17696
680,864691135510518224,864691136221000126,488932205,postsyn,378118,143718,27637,692
681,864691135510518224,864691136221012414,484194907,postsyn,374138,142140,25682,3836
682,864691135510518224,864691136221012414,486031731,postsyn,372343,142648,25764,11036
683,864691135510518224,864691136221065651,485975016,postsyn,373152,159666,26789,2272
684,864691135510518224,864691136222046910,484589818,postsyn,372508,144602,26104,3364
685,864691135510518224,864691136225535422,493734123,postsyn,380856,132606,27746,6680
686,864691135510518224,864691136226191806,486007764,postsyn,373944,151728,27431,20256
687,864691135510518224,864691136226295486,475477831,postsyn,365876,152458,27586,17376
688,864691135510518224,864691136226295486,486006554,postsyn,372749,153229,27452,13180
689,864691135510518224,864691136226295486,493671467,postsyn,382352,151378,27117,5980
690,864691135510518224,864691136226316478,483707594,postsyn,373304,144678,27609,3504
691,864691135510518224,864691136226983505,490059838,postsyn,377974,151628,27404,724
692,864691135510518224,864691136231675838,490059480,postsyn,377594,151718,27433,256
693,864691135510518224,864691136232604862,488162222,postsyn,379394,141686,27701,7080
694,864691135510518224,864691136235297214,478344456,postsyn,368570,145107,27761,808
695,864691135510518224,864691136235548094,477536365,postsyn,371928,151480,27611,24328
696,864691135510518224,864691136239380414,484204372,postsyn,372330,155166,27234,10988
697,864691135510518224,864691136239380414,488232344,postsyn,376428,134714,27670,6164
698,864691135510518224,864691136239381950,479386341,postsyn,371550,158808,27007,1324
699,864691135510518224,864691136239381950,479386372,postsyn,371614,159012,26996,2224
700,864691135510518224,864691136239414718,493734163,postsyn,380936,131900,27684,21580
701,864691135510518224,864691136239420350,480236407,postsyn,371764,145868,26512,1676
702,864691135510518224,864691136239420350,480236505,postsyn,371900,145974,26606,17004
703,864691135510518224,864691136239885246,484501768,postsyn,374904,141338,25571,4520
704,864691135510518224,864691136240088254,475477556,postsyn,365518,152826,27568,420
705,864691135510518224,864691136240124350,486025438,postsyn,372140,144578,25971,5848
706,864691135510518224,864691136241134270,493669779,postsyn,380376,151638,27252,13192
707,864691135510518224,864691136242200510,488904275,postsyn,379836,154222,26468,6336
708,864691135510518224,864691136242524350,480860323,postsyn,371581,156938,27174,8068
709,864691135510518224,864691136242524350,482469216,postsyn,372788,148646,27294,5440
710,864691135510518224,864691136247017139,466547597,postsyn,363606,159178,27178,3856
711,864691135510518224,864691136247122099,469701940,presyn,363782,156242,27500,11484
712,864691135510518224,864691136247122099,472894484,presyn,364020,154542,27691,6228
713,864691135510518224,864691136247528382,469701428,postsyn,363188,157206,27483,13284
714,864691135510518224,864691136247564979,466620962,postsyn,363084,160022,27097,4912
715,864691135510518224,864691136247738046,478345613,postsyn,369732,146122,27669,2400
716,864691135510518224,864691136247738046,478345767,postsyn,369964,146306,27633,4332
717,864691135510518224,864691136247738046,478880291,postsyn,370478,146518,27565,1716
718,864691135510518224,864691136247738046,478880433,postsyn,370644,146904,27519,3088
719,864691135510518224,864691136247738046,478880780,postsyn,371028,147418,27451,2352
720,864691135510518224,864691136247738046,478881057,postsyn,371420,147592,27415,1928
721,864691135510518224,864691136247738046,478881266,postsyn,371805,147568,27377,3664
722,864691135510518224,864691136247774142,488899029,postsyn,377404,144398,27620,3044
723,864691135510518224,864691136248386995,486157136,postsyn,372160,159228,26967,2372
724,864691135510518224,864691136248514739,485974680,postsyn,372754,160542,26720,20644
725,864691135510518224,864691136251098046,493806658,postsyn,383006,151336,27054,1836
726,864691135510518224,864691136251272894,472898161,postsyn,367785,154016,27830,3588
727,864691135510518224,864691136251485374,488932909,postsyn,378796,142922,27635,1476
728,864691135510518224,864691136251495870,488900579,postsyn,379145,143186,27599,10588
729,864691135510518224,864691136251495870,493670165,postsyn,380842,151820,27246,3936
730,864691135510518224,864691136251504062,482737509,postsyn,372959,146445,27848,748
731,864691135510518224,864691136251927230,480319146,postsyn,371581,146362,26738,24024
732,864691135510518224,864691136253573822,488967160,postsyn,376597,152349,26841,2000
733,864691135510518224,864691136253733566,492052464,postsyn,381296,155224,26352,3304
734,864691135510518224,864691136254585790,493900023,postsyn,381034,135082,27503,6180
735,864691135510518224,864691136254599870,483597017,postsyn,373727,143049,27706,4036
736,864691135510518224,864691136254600894,491727996,postsyn,381606,132324,27356,316
737,864691135510518224,864691136256030654,493915320,postsyn,380884,140462,27767,2772
738,864691135510518224,864691136256030654,493915625,postsyn,381334,140292,27766,208
739,864691135510518224,864691136256070590,493671180,postsyn,382084,151994,27146,11080
740,864691135510518224,864691136256619710,488968197,postsyn,378220,152372,26780,21132
741,864691135510518224,864691136256725438,481004674,presyn,371940,153084,27060,7408
742,864691135510518224,864691136256728766,493670896,postsyn,381742,151324,27134,7516
743,864691135510518224,864691136256729790,482427815,postsyn,374540,141652,27614,17804
744,864691135510518224,864691136256729790,488930953,postsyn,376997,144841,27636,6672
745,864691135510518224,864691136256843454,471802449,postsyn,365732,158736,27735,488
746,864691135510518224,864691136256845758,493670130,postsyn,380840,151778,27188,11044
747,864691135510518224,864691136256947134,482531792,postsyn,373148,138998,27650,3488
748,864691135510518224,864691136256947134,483596628,postsyn,373366,144724,27630,4244
749,864691135510518224,864691136256989118,482739242,postsyn,374730,147398,27796,2884
750,864691135510518224,864691136257239230,492121181,postsyn,383770,157248,26809,7680
751,864691135510518224,864691136257239230,497929100,postsyn,389686,146860,26709,3248
752,864691135510518224,864691136257305790,477549992,postsyn,368428,152386,27739,24184
753,864691135510518224,864691136257309886,493670768,postsyn,381560,151656,27189,1772
754,864691135510518224,864691136257431742,492054346,postsyn,382232,156086,26601,17244
755,864691135510518224,864691136257435326,493424613,postsyn,382590,129915,27646,728
756,864691135510518224,864691136257469118,477531193,postsyn,368198,154108,27595,4792
757,864691135510518224,864691136257469118,488899590,postsyn,378017,144288,27621,1844
758,864691135510518224,864691136257681854,482738869,postsyn,374368,146609,27744,5196
759,864691135510518224,864691136257763006,493734889,postsyn,381576,131312,27685,4248
760,864691135510518224,864691136257928894,493671142,postsyn,381998,151654,27137,2332
761,864691135510518224,864691136258220990,488968920,postsyn,378470,152796,26658,4840
762,864691135510518224,864691136258243518,488339664,postsyn,379602,154776,26509,9168
763,864691135510518224,864691136258962110,487456550,postsyn,377058,140292,27623,9304
764,864691135510518224,864691136259154878,478360433,postsyn,371142,146010,27441,2332
765,864691135510518224,864691136259154878,478879968,postsyn,370226,146646,27477,15252
766,864691135510518224,864691136259163582,487457953,postsyn,378681,138493,27618,1564
767,864691135510518224,864691136259164350,488235300,postsyn,379786,137344,27663,11332
768,864691135510518224,864691136259164350,493899694,postsyn,380596,135478,27556,18796
769,864691135510518224,864691136259486142,492053495,postsyn,381852,155500,26412,6804
770,864691135510518224,864691136259675838,473336551,postsyn,366186,159924,27439,11896
771,864691135510518224,864691136259986622,472897476,postsyn,367146,152626,27685,29596
772,864691135510518224,864691136259986622,486032081,postsyn,372772,142548,25757,2424
773,864691135510518224,864691136260186046,487805627,postsyn,380202,133154,27696,2624
774,864691135510518224,864691136260284606,480940346,postsyn,371774,140852,27677,6292
775,864691135510518224,864691136260284606,488233166,postsyn,377459,134443,27742,1612
776,864691135510518224,864691136260344766,493735432,postsyn,382240,130463,27671,1144
777,864691135510518224,864691136260345278,487805283,postsyn,379776,133446,27745,6116
778,864691135510518224,864691136260346046,488200480,postsyn,380034,136604,27583,6312
779,864691135510518224,864691136260346046,491809002,postsyn,380364,135830,27626,3120
780,864691135510518224,864691136260346814,493735235,postsyn,382000,130288,27651,11860
781,864691135510518224,864691136260393662,484880289,postsyn,374916,136250,27652,10764
782,864691135510518224,864691136370804616,482546936,postsyn,372148,147381,27372,948
783,864691135510518224,864691136474398228,498932020,postsyn,389446,146310,26627,4212
784,864691135510518224,864691136474461204,498932079,postsyn,389512,145136,26622,9108
785,864691135510518224,864691136478736404,498933071,presyn,391104,144556,26665,2380
786,864691135510518224,864691136561693949,486025770,postsyn,372537,143327,25853,17148
787,864691135510518224,864691136563709437,493425098,postsyn,383304,129512,27644,1888
788,864691135510518224,864691136569776125,466621523,postsyn,363804,160194,27059,3440
789,864691135510518224,864691136570548130,490059852,postsyn,377978,151206,27365,12804
790,864691135510518224,864691136570548130,490242867,postsyn,378096,151804,27342,5724
791,864691135510518224,864691136570548130,494566701,postsyn,385958,150432,26903,7724
792,864691135510518224,864691136572756989,475641621,postsyn,363998,160326,26971,15628
793,864691135510518224,864691136572782077,478881295,postsyn,371848,148514,27622,1544
794,864691135510518224,864691136572835325,490243062,postsyn,378318,151822,27353,4160
795,864691135510518224,864691136572861693,488161251,postsyn,378332,138368,27643,4180
796,864691135510518224,864691136572906749,488200603,postsyn,380212,135354,27525,18352
797,864691135510518224,864691136617172187,487803964,postsyn,378420,133652,27753,12200
798,864691135510518224,864691136647216243,484879835,postsyn,373846,137936,27704,1176
799,864691135510518224,864691136647332467,482532725,postsyn,374986,141770,27656,1704
800,864691135510518224,864691136647372147,483706968,postsyn,372658,146018,27537,4124
801,864691135510518224,864691136647380339,488159758,postsyn,376646,141196,27691,12416
802,864691135510518224,864691136647387763,488160313,postsyn,377292,140326,27658,5048
803,864691135510518224,864691136647729523,484589772,postsyn,372474,144664,26167,25484
804,864691135510518224,864691136647782003,482547013,postsyn,372276,146406,27617,6024
805,864691135510518224,864691136647800947,478344461,postsyn,368574,143945,27817,1336
806,864691135510518224,864691136650452851,471556561,postsyn,366506,157132,27493,14528
807,864691135510518224,864691136651039229,488160573,postsyn,377574,139278,27633,1532
808,864691135510518224,864691136652223997,488162717,postsyn,379944,141528,27640,560
809,864691135510518224,864691136652781309,471731672,postsyn,366360,156244,27758,876
810,864691135510518224,864691136652781821,484879876,postsyn,374028,137364,27635,5728
811,864691135510518224,864691136652801533,487803369,postsyn,377771,133741,27715,1140
812,864691135510518224,864691136652801533,493734470,postsyn,381214,130914,27701,13364
813,864691135510518224,864691136653649523,475477215,postsyn,365048,152976,27520,6292
814,864691135510518224,864691136654159613,485974877,postsyn,372988,160650,26692,7772
815,864691135510518224,864691136654873341,482469496,postsyn,373134,150236,27128,33908
816,864691135510518224,864691136655406333,498932179,postsyn,389665,145953,26643,2972
817,864691135510518224,864691136655545459,471556913,postsyn,367042,157182,27537,1716
818,864691135510518224,864691136656432637,488232402,postsyn,376484,135126,27675,560
819,864691135510518224,864691136656569085,478881033,postsyn,371421,146914,27426,3600
820,864691135510518224,864691136656569085,478881324,postsyn,371970,146994,27388,2132
821,864691135510518224,864691136656700925,488969076,postsyn,378640,153670,26706,1060
822,864691135510518224,864691136659336957,478359277,postsyn,369988,146370,27614,3528
823,864691135510518224,864691136659336957,480939709,postsyn,370653,141151,27763,3084
824,864691135510518224,864691136659420413,488233115,postsyn,377408,134392,27748,7728
825,864691135510518224,864691136659492093,472134582,postsyn,367190,144758,27791,3052
826,864691135510518224,864691136659492093,477362386,postsyn,369108,150318,27821,772
827,864691135510518224,864691136659492093,477362645,postsyn,369836,150210,27800,2276
828,864691135510518224,864691136659492093,477362814,postsyn,370264,150110,27782,5120
829,864691135510518224,864691136659492093,478881237,postsyn,371714,150354,27584,544
830,864691135510518224,864691136659492093,482547550,postsyn,373240,146418,27627,4960
831,864691135510518224,864691136663930995,478344271,postsyn,368368,144248,27759,564
832,864691135510518224,864691136663930995,478344516,postsyn,368616,144448,27759,272
833,864691135510518224,864691136663930995,478346057,postsyn,370300,146304,27803,2300
834,864691135510518224,864691136663935347,485848595,postsyn,372176,146496,26671,6928
835,864691135510518224,864691136664116477,493915311,postsyn,380929,139529,27832,12644
836,864691135510518224,864691136664116477,493915426,postsyn,381036,140464,27745,208
837,864691135510518224,864691136664118525,494566219,postsyn,385474,150130,26950,3900
838,864691135510518224,864691136664123645,475641689,postsyn,364084,160848,27020,9504
839,864691135510518224,864691136664283645,488162296,postsyn,379506,142080,27660,3032
840,864691135510518224,864691136664334589,466621267,postsyn,363440,160130,27035,4192
841,864691135510518224,864691136665363315,477551543,postsyn,371214,151722,27711,216
842,864691135510518224,864691136666515197,488898781,postsyn,377138,144396,27608,6844
843,864691135510518224,864691136667370749,493424744,postsyn,382754,129932,27687,1732
844,864691135510518224,864691136667516531,475478602,postsyn,366646,152746,27582,4740
845,864691135510518224,864691136667595261,481365036,postsyn,371148,145786,27185,10848
846,864691135510518224,864691136667667197,488967999,postsyn,377880,153036,26781,1104
847,864691135510518224,864691136667667197,488968059,postsyn,377996,152954,26766,3212
848,864691135510518224,864691136667728381,493915624,postsyn,381366,139832,27807,3968
849,864691135510518224,864691136667747069,480319433,postsyn,371936,146040,26674,4000
850,864691135510518224,864691136667920125,471803562,postsyn,367508,161024,27648,7680
851,864691135510518224,864691136668624125,488967662,postsyn,377292,152514,26778,6984
852,864691135510518224,864691136669742333,481443652,postsyn,371188,145544,27106,14540
853,864691135510518224,864691136669881853,486025420,postsyn,372132,144826,26001,4044
854,864691135510518224,864691136671433981,471554684,presyn,363978,155447,27522,9432
855,864691135510518224,864691136671433981,475476664,presyn,364276,154120,27524,1172
856,864691135510518224,864691136671433981,477363319,postsyn,371782,146642,27794,2068
857,864691135510518224,864691136671433981,477363341,postsyn,371916,146798,27766,11024
858,864691135510518224,864691136671433981,486032099,postsyn,372820,143000,25777,3444
859,864691135510518224,864691136671651325,490060482,postsyn,378812,151419,27408,6200
860,864691135510518224,864691136672454653,471556393,postsyn,366203,157952,27484,22496
861,864691135510518224,864691136672454653,492051907,postsyn,380696,155326,26382,7940
862,864691135510518224,864691136672455421,493900018,postsyn,381002,134696,27530,5880
863,864691135510518224,864691136672461821,477536121,postsyn,371646,150538,27587,5476
864,864691135510518224,864691136673044989,493734982,postsyn,381728,131176,27705,36648
865,864691135510518224,864691136673045501,490059874,postsyn,378020,151468,27451,10220
866,864691135510518224,864691136673194237,492121492,postsyn,384228,157168,26736,12968
867,864691135510518224,864691136673268989,490242876,postsyn,378088,151430,27344,3884
868,864691135510518224,864691136673308157,488161679,postsyn,378792,138682,27628,228
869,864691135510518224,864691136673308157,488232909,postsyn,377100,134342,27709,1564
870,864691135510518224,864691136673308413,493915161,postsyn,380626,141022,27695,4000
871,864691135510518224,864691136673989629,486007229,postsyn,373340,151700,27415,3408
872,864691135510518224,864691136674012413,477536152,postsyn,371694,152276,27581,5416
873,864691135510518224,864691136674012669,493805725,postsyn,381200,151380,27097,5680
874,864691135510518224,864691136674325619,484194618,postsyn,373731,142242,25707,1504
875,864691135510518224,864691136675560189,484502725,postsyn,375922,141448,25505,25084
876,864691135510518224,864691136678365437,477363241,postsyn,371623,149197,27697,4256
877,864691135510518224,864691136678830845,487804480,postsyn,378892,133718,27712,3432
878,864691135510518224,864691136678969085,493807532,postsyn,384188,151290,27000,3824
879,864691135510518224,864691136678973437,488968279,postsyn,378314,153260,26724,1468
880,864691135510518224,864691136680214269,488970993,postsyn,379706,153882,26642,340
881,864691135510518224,864691136680238589,497928669,postsyn,389143,147197,26688,624
882,864691135510518224,864691136680238589,498931832,postsyn,389222,146182,26693,6120
883,864691135510518224,864691136680265469,480940096,postsyn,371252,140472,27744,8368
884,864691135510518224,864691136680432381,471557151,postsyn,367556,156404,27541,2092
885,864691135510518224,864691136681474045,488931969,postsyn,377944,144312,27644,7588
886,864691135510518224,864691136691736573,480917210,postsyn,372024,146470,26662,10200
887,864691135510518224,864691136694609661,483597357,postsyn,374160,142484,27751,7084
888,864691135510518224,864691136696847101,488339971,postsyn,379954,154638,26484,3692
889,864691135510518224,864691136696927997,481364815,postsyn,370856,145808,27271,3320
890,864691135510518224,864691136696927997,481364896,postsyn,370928,145774,27133,4476
891,864691135510518224,864691136696984573,494969928,postsyn,385162,127673,27722,3588
892,864691135510518224,864691136697155581,490244312,postsyn,379976,151814,27275,3000
893,864691135510518224,864691136697255421,487804033,postsyn,378531,133857,27764,18028
894,864691135510518224,864691136697545725,477551444,postsyn,370936,151902,27697,6180
895,864691135510518224,864691136697545725,477551498,postsyn,371073,152017,27691,2504
896,864691135510518224,864691136697545725,478346567,postsyn,371084,146318,27799,5396
897,864691135510518224,864691136697545725,478880943,postsyn,371262,147242,27396,5572
898,864691135510518224,864691136697736189,486032559,postsyn,373356,142640,25743,7532
899,864691135510518224,864691136699793917,490060294,postsyn,378526,151696,27403,6040
900,864691135510518224,864691136703123709,493807102,postsyn,383532,151198,27020,3724
901,864691135510518224,864691136706008829,496019552,postsyn,385052,151254,26988,7268
902,864691135510518224,864691136706020861,477536506,postsyn,372010,153209,27621,5408
903,864691135510518224,864691136706020861,477550853,postsyn,369558,153388,27741,8632
904,864691135510518224,864691136706056189,471556835,postsyn,366996,157054,27471,20884
905,864691135510518224,864691136706056189,473337896,postsyn,367020,161696,27475,12192
906,864691135510518224,864691136706125309,477363308,postsyn,371757,150549,27654,8876
907,864691135510518224,864691136706168829,480860712,postsyn,371930,155282,27229,2072
908,864691135510518224,864691136706169085,490058773,postsyn,376862,152004,27463,1168
909,864691135510518224,864691136706169085,490059396,postsyn,377526,151620,27428,3016
910,864691135510518224,864691136706173693,496019253,postsyn,384489,151140,27075,4548
911,864691135510518224,864691136706178813,490244102,postsyn,379704,151522,27238,5636
912,864691135510518224,864691136706398461,488969037,postsyn,378612,152834,26652,10576
913,864691135510518224,864691136706434301,488904165,postsyn,379668,153764,26583,2200
914,864691135510518224,864691136706501117,471802279,postsyn,365557,159453,27748,3140
915,864691135510518224,864691136706530301,488969199,postsyn,378810,152902,26681,1696
916,864691135510518224,864691136706536701,490060397,postsyn,378604,151882,27397,216
917,864691135510518224,864691136707312381,471730718,postsyn,365434,158302,27734,896
918,864691135510518224,864691136707447037,488969008,postsyn,378650,153568,26642,49876
919,864691135510518224,864691136707535613,496860895,postsyn,385766,125682,27676,24688
920,864691135510518224,864691136707539197,473336146,postsyn,365504,159434,27467,6920
921,864691135510518224,864691136707608317,497928789,postsyn,389284,147634,26718,2940
922,864691135510518224,864691136707618557,488162562,postsyn,379804,141954,27736,8944
923,864691135510518224,864691136707780605,478881379,postsyn,371998,149551,27534,4800
924,864691135510518224,864691136709448701,487457658,postsyn,378248,138526,27591,19952
925,864691135510518224,864691136709706749,490058722,postsyn,376838,151467,27486,12348
926,864691135510518224,864691136710135805,481443569,postsyn,371008,146214,27013,5352
927,864691135510518224,864691136710185725,483597598,postsyn,374358,143122,27698,3340
928,864691135510518224,864691136710221309,492120868,postsyn,383390,156704,26676,19580
929,864691135510518224,864691136710231037,492053338,postsyn,381708,155992,26531,10012
930,864691135510518224,864691136714209789,496861237,postsyn,386270,125436,27745,6076
931,864691135510518224,864691136714211581,493734522,postsyn,381228,131660,27689,2852
932,864691135510518224,864691136723600381,472837231,presyn,367940,157584,26639,3588
933,864691135510518224,864691136764895598,484880037,postsyn,374518,136034,27692,23712
934,864691135510518224,864691136766464110,475476743,postsyn,364435,153631,27535,18964
935,864691135510518224,864691136922777572,469345521,postsyn,363404,157996,27353,5784
936,864691135510518224,864691136922777572,469345561,postsyn,363504,158332,27284,4244
937,864691135510518224,864691136922777572,469701500,postsyn,363238,157410,27410,2028
938,864691135510518224,864691136925703391,478359945,postsyn,370692,146012,27381,13620
939,864691135510518224,864691136944744927,469701265,postsyn,363028,156908,27438,6336
940,864691135510518224,864691136944744927,472898370,postsyn,367946,154598,27709,1584
941,864691135510518224,864691136944744927,477531448,postsyn,368408,154594,27625,796
942,864691135510518224,864691136944744927,478344979,postsyn,369128,145622,27745,6632
943,864691135510518224,864691136944762079,480859821,postsyn,371036,156266,27225,13968
944,864691135510518224,864691136945490143,485975043,postsyn,373180,160183,26799,1976
945,864691135510518224,864691136945577951,483711855,postsyn,374798,151456,26973,1448
946,864691135510518224,864691136945632479,469724639,presyn,362798,162098,27594,7764
947,864691135510518224,864691136945637855,488340118,postsyn,380176,155080,26390,16884
948,864691135510518224,864691136945644255,487803674,postsyn,378076,133902,27705,5840
949,864691135510518224,864691136945688287,490243797,postsyn,379272,151490,27322,2268
950,864691135510518224,864691136945759199,478881133,postsyn,371552,148131,27375,3520
951,864691135510518224,864691136945764831,479461722,postsyn,371162,158052,27037,9148
952,864691135510518224,864691136945925087,477549954,postsyn,368321,150554,27835,1004
953,864691135510518224,864691136945925087,478702466,postsyn,370554,147248,27321,1108
954,864691135510518224,864691136945925087,478881065,postsyn,371444,146775,27472,4328
955,864691135510518224,864691136945925087,482468881,postsyn,372344,148622,27309,6112
956,864691135510518224,864691136945925087,483706647,postsyn,372276,146322,27444,1244
957,864691135510518224,864691136945925087,486006539,postsyn,372662,153614,27389,2712
958,864691135510518224,864691136945968351,475479307,postsyn,367392,152652,27623,440
959,864691135510518224,864691136946107615,483712349,postsyn,375430,152370,26897,17880
960,864691135510518224,864691136951582943,492052366,postsyn,381210,155648,26422,8680
961,864691135510518224,864691136965788878,469724541,presyn,362684,162624,27590,23840
962,864691135510518224,864691137018155886,486032429,postsyn,373180,142870,25738,2244
963,864691135510518224,864691137019303022,477362400,postsyn,369214,146406,27836,18312
964,864691135510518224,864691137196902465,477549634,postsyn,368010,154512,27697,1048
