,segment_id,nucleus_id,cell_type
0,864691136021936376,258319,23P
1,864691136487559186,276438,6P-CT
2,864691135784109363,260552,23P
3,864691135694415551,260263,23P
4,864691135759892302,262898,BPC
5,864691136578765076,269633,MC
6,864691135911348649,291326,23P
7,864691135502950210,260604,23P
8,864691135491912167,255258,23P
9,864691134941559651,260639,23P
10,864691135014013174,256465,23P
11,864691136228491601,294589,23P
12,864691135688672480,300761,5P-IT
13,864691136674275975,292671,23P
14,864691135566089495,260718,BPC
15,864691135763447862,274195,6P-CT
16,864691136274337037,262895,5P-IT
17,864691135868319254,311922,Unsure
18,864691135060075931,256471,23P
19,864691136913261297,256446,MC
20,864691135343071153,260742,23P
21,864691135308621126,262958,4P
22,864691135294520844,296508,23P
23,864691135919854768,256521,23P
24,864691135777888864,305251,MC
25,864691135738591876,262726,23P
26,864691136092794036,296800,23P
27,864691135566109463,305355,6P-IT
28,864691135615661771,311930,6P-IT
29,864691135938823477,309216,6P-CT
30,864691135915757926,267291,5P-IT
31,864691136195891788,296730,23P
32,864691136330516458,260743,4P
33,864691136674556295,264849,BC
34,864691135940881830,291204,MC
35,864691135719916081,262774,4P
36,864691135640672571,264751,5P-IT
37,864691135939924646,309241,Unsure I
38,864691136674080135,256561,23P
39,864691136010088620,298945,5P-IT
40,864691136813414003,298913,4P
41,864691135182444802,305205,6P-IT
42,864691136389688695,291334,23P
43,864691135591725067,309419,6P-IT
44,864691135518791818,309578,BC
45,864691135989044480,273837,6P-CT
46,864691135725842603,296513,4P
47,864691136057790424,306954,6P-CT
48,864691134949081852,260855,4P
49,864691135544949800,267102,5P-IT
50,864691136040742142,294649,BC
51,864691135996403882,264822,5P-IT
52,864691136596177570,307130,6P-CT
53,864691136009871790,255289,23P
54,864691135455670122,299155,4P
55,864691135781502032,305113,6P-IT
56,864691135342597809,292664,23P
57,864691136110765496,269414,MC
58,864691136006393034,296735,MC
59,864691135715729690,309375,6P-IT
60,864691136176489478,271773,6P-IT
61,864691136268011252,305242,6P-CT
62,864691136310374746,309187,6P-U
63,864691135118404317,309557,6P-CT
64,864691135946182180,309280,6P-IT
65,864691135256861871,301188,5P-IT
66,864691135492015967,269596,6P-IT
67,864691137021162094,305115,6P-CT
68,864691136330122730,264800,5P-IT
69,864691135948150625,342244,6P-CT
70,864691135996177834,296783,4P
71,864691136195418326,291333,23P
72,864691135502770242,260468,BPC
73,864691136335213235,271901,6P-CT
74,864691136195566294,296665,4P
75,864691136239081532,292575,23P
76,864691136380312021,256675,23P
77,864691135988649219,260629,4P
78,864691135473477426,258375,23P
79,864691136101353333,262797,5P-IT
80,864691135473343538,256516,23P
81,864691135342541509,260555,4P
82,864691135684671927,276555,6P-IT
83,864691136664308446,262652,5P-IT
84,864691135511863760,260706,4P
85,864691135996308394,303164,5P-IT
86,864691136009939884,264781,4P
87,864691135539536754,256652,23P
88,864691135442076744,260628,4P
89,864691135867287941,263073,4P
90,864691135395833333,292675,BPC
91,864691135270975909,264994,5P-IT
92,864691135927258126,260303,4P
93,864691136912943345,256426,BPC
94,864691135772406091,307122,6P-CT
95,864691135583037037,255221,23P
96,864691136135954059,256651,23P
97,864691135469807954,307069,6P-CT
98,864691136311429978,298899,4P
99,864691135857187374,305034,6P-IT
100,864691136057638104,264941,5P-IT
101,864691135591726603,299071,5P-IT
102,864691136579129876,294591,23P
103,864691135213364352,301031,5P-IT
104,864691136238029583,298820,4P
105,864691135702061947,306978,6P-U
106,864691136905107634,298714,4P
107,864691136137794941,303100,5P-PT
108,864691135234387801,258166,23P
109,864691135473540914,299074,4P
110,864691134941412707,292739,23P
111,864691136090561847,256676,23P
112,864691135447519122,301119,5P-IT
113,864691135293707276,309329,6P-IT
114,864691135464009629,306979,6P-IT
115,864691136484415020,307172,6P-IT
116,864691135976028015,307312,6P-IT
117,864691135977161027,262821,4P
118,864691135479705030,299076,4P
119,864691135498236179,301121,5P-IT
120,864691136662432990,258234,BC
121,864691135350218711,303135,5P-PT
122,864691135386650965,262555,BC
123,864691135885063024,307221,6P-CT
124,864691135430268976,262419,4P
125,864691135857589294,296750,4P
126,864691136372039560,303089,5P-IT
127,864691135911353001,291345,23P
128,864691135342594225,291339,23P
129,864691135509379081,300966,5P-IT
130,864691137198900801,260651,4P
131,864691135430290480,258390,23P
132,864691135545730856,298802,BPC
133,864691135659160450,262806,4P
134,864691135741451115,305109,5P-NP
135,864691135491891559,271698,6P-CT
136,864691135430059312,274051,6P-CT
137,864691136136060555,274050,6P-IT
138,864691136904366770,342232,BPC
139,864691135868334870,309151,6P-CT
140,864691135850968519,312041,Unsure
141,864691135565870679,291161,23P
142,864691135502713525,309205,6P-IT
143,864691134965949727,263078,4P
144,864691136420759959,300965,5P-IT
145,864691135970293349,344436,6P-IT
146,864691136120038424,271810,6P-CT
147,864691136437631902,265045,5P-PT
148,864691135976012655,260450,4P
149,864691136619850381,256620,23P
150,864691136012312227,292838,23P
151,864691137055253878,306940,6P-U
152,864691135911301033,291311,23P
153,864691135059954075,309579,6P-IT
154,864691135511861968,267006,MC
155,864691135583421549,258150,23P
156,864691135361430087,264927,5P-IT
157,864691136363303138,260615,4P
158,864691135388024449,256304,23P
159,864691135763593014,258403,23P
160,864691135857577518,260625,4P
161,864691135455444330,311832,6P-IT
162,864691136101388405,260617,4P
163,864691135469924178,296687,4P
164,864691136444834435,298868,5P-IT
165,864691136195419606,292740,23P
166,864691135565833303,267454,5P-NP
167,864691135866360284,260556,4P
168,864691135349867991,305244,6P-CT
169,864691135583277677,262825,4P
170,864691135586527612,256473,23P
171,864691135890167433,265037,5P-IT
172,864691135586711932,294661,23P
173,864691136424265519,256647,23P
174,864691135396981281,307068,6P-IT
175,864691134941713251,303174,5P-PT
176,864691136052637171,260699,4P
177,864691135455507818,260598,4P
178,864691135778331232,305255,6P-U
179,864691135807592989,347066,WM-P
180,864691135742093675,256530,23P
181,864691136723961597,252232,NGC
182,864691135760106830,296734,4P
183,864691136136499083,264851,5P-IT
184,864691136195519820,304978,6P-CT
185,864691135342418629,291203,23P
186,864691135276188133,307189,6P-CT
187,864691136106958809,291335,23P
188,864691136974813212,301104,5P-IT
189,864691136362746082,269733,5P-NP
190,864691135276189669,306933,6P-CT
191,864691135495542672,276440,BC
192,864691136391756671,291341,23P
193,864691136445215875,291110,23P
194,864691136009762988,299075,5P-IT
195,864691135577580293,271561,6P-IT
196,864691135066391108,307155,6P-IT
197,864691136101341045,299056,4P
198,864691134948056316,300984,5P-IT
199,864691134941495395,294540,23P
200,864691136238045500,274061,6P-IT
201,864691135133995168,267203,5P-NP
202,864691135816765775,258399,23P
203,864691135970292837,309640,6P-CT
204,864691136488999186,262710,4P
205,864691135273844753,256339,23P
206,864691135655473858,344429,6P-IT
207,864691136452509951,256472,23P
208,864691135539676018,344425,6P-U
209,864691135782542416,294651,23P
210,864691136107603673,301106,5P-IT
211,864691135539591282,307150,6P-IT
212,864691136066916248,258355,23P
213,864691135518510218,255137,NGC
214,864691135502885954,291179,23P
215,864691136313230909,294605,23P
216,864691135257638831,255117,23P
217,864691135560849377,312038,WM-P
218,864691135992153537,307153,6P-IT
219,864691135698820373,271900,6P-CT
220,864691134949227260,298772,5P-IT
221,864691136228602449,301115,5P-IT
222,864691136033227451,296482,23P
223,864691136488758290,262670,4P
224,864691135465343045,296668,4P
225,864691135919756208,256602,23P
226,864691134940527203,309227,6P-IT
227,864691135473692722,291111,23P
228,864691136363162082,271899,6P-CT
229,864691135492023271,258322,23P
230,864691135688166624,260609,BC
231,864691136488888338,262682,4P
232,864691135750141481,291120,23P
233,864691135503433309,298916,4P
234,864691136100567157,306968,6P-CT
235,864691136011552163,271788,6P-U
236,864691136287879619,309296,6P-CT
237,864691135384209131,264783,BC
238,864691135866145244,298929,4P
239,864691136274408461,269402,6P-IT
240,864691136674510215,262816,4P
241,864691135877825107,264841,5P-PT
242,864691136117626532,296386,4P
243,864691135760050254,294359,23P
244,864691136674749575,291175,23P
245,864691135447187602,267319,5P-PT
246,864691135617551721,260622,MC
247,864691136579217172,309421,6P-IT
248,864691136967508174,294484,23P
249,864691136195537366,309393,6P-U
250,864691135119082461,296531,4P
251,864691135773240571,307067,6P-CT
252,864691135519105930,292871,23P
253,864691135430460720,258317,23P
254,864691135323576988,269488,6P-IT
255,864691135119068125,294534,23P
256,864691135750287913,299035,4P
257,864691135375441993,298795,4P
258,864691135911028905,267299,5P-PT
259,864691135952630563,309463,6P-U
260,864691135586354556,262642,BPC
261,864691135938816260,258398,23P
262,864691137198748993,256532,23P
263,864691135916329830,302983,5P-IT
264,864691135693735103,274192,NGC
265,864691135941300993,262800,4P
266,864691136488621842,307239,6P-IT
267,864691135510307337,260562,4P
268,864691135133991072,309384,6P-IT
269,864691135136360217,294677,23P
270,864691136238998588,256617,23P
271,864691135336108265,298669,4P
272,864691135763364662,309405,6P-IT
273,864691136488591378,305250,6P-IT
274,864691135993374145,256371,23P
275,864691136025329721,296642,4P
276,864691136420757143,274181,6P-IT
277,864691135750307881,304956,5P-PT
278,864691135510267401,344555,6P-CT
279,864691135349839831,258243,23P
280,864691135750155305,292683,23P
281,864691136903767474,305096,6P-IT
282,864691135469060236,256650,23P
283,864691137055244406,344437,6P-CT
284,864691135778426557,292878,23P
285,864691135859300200,267163,5P-IT
286,864691135014246390,307170,6P-CT
287,864691136195230028,301003,5P-IT
288,864691135782506832,260621,4P
289,864691135394307317,264786,BC
290,864691135885298544,344307,6P-IT
291,864691135463060125,311693,6P-U
292,864691134989537658,305024,6P-IT
293,864691135868435734,271696,6P-CT
294,864691136967258574,260648,4P
295,864691135700799778,291124,23P
296,864691135503004765,256543,BPC
297,864691135479406278,306963,6P-CT
298,864691135776476845,309382,6P-IT
299,864691136724994301,294444,23P
300,864691135801163874,256551,23P
301,864691135492598623,307059,BPC
302,864691135489685818,256546,23P
303,864691135586773628,311831,6P-IT
304,864691135292201142,307066,Unsure I
305,864691136419179159,306959,6P-IT
306,864691135685661367,292680,23P
307,864691135083449079,258249,BC
308,864691135801463650,294582,23P
309,864691135808999965,299084,4P
310,864691135988854016,286913,NGC
311,864691135741930603,258382,23P
312,864691135546339880,264934,5P-IT
313,864691135868210454,294653,23P
314,864691135852170183,260689,4P
315,864691136101047413,271702,6P-CT
316,864691135469753426,256331,23P
317,864691135947366692,309504,6P-IT
318,864691136618957787,296509,4P
319,864691136052912371,262549,5P-IT
320,864691135801566306,256654,23P
321,864691135782259280,307065,6P-CT
322,864691136389679223,291109,23P
323,864691135324437916,269714,6P-IT
324,864691136390099728,344448,6P-IT
325,864691135060094107,262879,4P
326,864691135838738579,271889,6P-CT
327,864691135763362102,298828,5P-IT
328,864691135694281919,256657,23P
329,864691135782220112,269350,5P-PT
330,864691135852344775,258306,23P
331,864691135503344477,296416,4P
332,864691135257700783,312040,WM-P
333,864691135572581357,258250,23P
334,864691135356320463,344535,6P-IT
335,864691135060210075,269491,6P-IT
336,864691135938404612,301200,BPC
337,864691135562052065,258213,23P
338,864691135655521986,274179,6P-CT
339,864691135119128797,265055,4P
340,864691135214160184,292831,BPC
341,864691135564891159,291201,NGC
342,864691135700757026,267015,BC
343,864691135067181124,304846,5P-IT
344,864691135361432391,307346,6P-IT
345,864691136228250961,304973,5P-PT
346,864691135953669667,292825,23P
347,864691135755308493,302973,5P-IT
348,864691136596060322,307240,6P-CT
349,864691135778463840,262823,4P
350,864691136620192653,264932,MC
351,864691135969582181,266850,MC
352,864691135725770667,298814,4P
353,864691136237311503,305036,6P-IT
354,864691135868416022,307056,6P-IT
355,864691135687472864,269405,6P-CT
356,864691136052553203,344446,6P-IT
357,864691137198885185,311785,6P-U
358,864691135694189759,309278,6P-IT
359,864691135162585389,298961,BPC
360,864691136389278224,307198,6P-IT
361,864691136618530267,262547,4P
362,864691135214246528,305073,Unsure I
363,864691136445340035,256615,23P
364,864691135293670924,304989,6P-IT
365,864691135738034289,264917,5P-IT
366,864691136579193108,307123,6P-CT
367,864691135341655749,305065,6P-IT
368,864691136042515798,342111,6P-IT
369,864691136437883550,265054,5P-IT
370,864691135304919975,302999,BC
371,864691135356428751,294506,BC
372,864691136110743992,291116,MC
373,864691135942611316,256525,23P
374,864691135640625979,296806,4P
375,864691135988557315,260542,23P
376,864691135801851490,269320,5P-IT
377,864691135279848865,307232,6P-CT
378,864691135591664907,296762,4P
379,864691135430446128,298661,4P
380,864691136903391922,311763,WM-P
381,864691136436788382,262957,BPC
382,864691136391841919,269510,6P-IT
383,864691135430270512,256550,23P
384,864691135119056861,294579,23P
385,864691136210885820,262417,5P-IT
386,864691135473453362,274191,6P-IT
387,864691135725448619,301107,MC
388,864691135511632080,264898,BPC
389,864691135464163134,296504,4P
390,864691135538801522,309561,6P-CT
391,864691135122933799,346884,6P-IT
392,864691135274881509,305110,6P-IT
393,864691136274488254,296533,4P
394,864691135387753601,305232,MC
395,864691135977213251,298807,4P
396,864691135271405733,298912,4P
397,864691135469684306,256512,23P
398,864691134918100490,309171,6P-IT
399,864691135941230593,311815,WM-P
400,864691135396686113,346900,WM-P
401,864691135082074359,309052,Unsure I
402,864691135342523333,260533,4P
403,864691135583223405,262956,4P
404,864691134919144714,296785,4P
405,864691136144827444,291208,23P
406,864691134966025503,296397,4P
407,864691136195824204,256511,23P
408,864691135211756736,307058,6P-CT
409,864691135838788755,296377,4P
410,864691135594657067,264891,BC
411,864691135915499366,311814,WM-P
412,864691135575425822,300835,MC
413,864691136052828915,260649,4P
414,864691136110279352,271699,6P-CT
415,864691135014479766,294489,23P
416,864691136742372956,309483,6P-CT
417,864691135440779848,312018,WM-P
418,864691135561138401,305105,6P-IT
419,864691135654768834,273964,6P-U
420,864691135594774315,291318,23P
421,864691135214352952,306975,6P-CT
422,864691135360482392,300796,5P-IT
423,864691135114178969,302968,5P-IT
424,864691135939200053,262698,4P
425,864691136419944087,296731,4P
426,864691135941279142,300823,5P-IT
427,864691136210699964,258292,BC
428,864691135572346349,264719,5P-IT
429,864691136210378684,264848,BC
430,864691135517376211,303216,5P-PT
431,864691136966961614,303195,BC
432,864691135489264442,296398,MC
433,864691135585494648,291112,23P
434,864691135348933335,309661,6P-CT
435,864691135874782350,258290,23P
436,864691135464060061,258402,23P
437,864691135778815421,258277,23P
438,864691135408821961,292899,23P
439,864691135570534534,256595,23P
440,864691135271103653,309447,6P-IT
441,864691135976050799,260433,4P
442,864691137054335862,307144,6P-CT
443,864691135782490704,299041,4P
444,864691135163995949,299018,4P
445,864691136664293598,264580,5P-IT
446,864691135941171713,291214,23P
447,864691135133880992,262936,5P-IT
448,864691136125096486,309284,6P-IT
449,864691135947711073,266869,5P-IT
450,864691136967634382,262722,4P
451,864691135874915982,262887,4P
452,864691135731679929,294671,23P
453,864691135927970516,262772,4P
454,864691135368696313,299038,4P
455,864691135565770007,271700,Unsure I
456,864691136619939213,342241,6P-CT
457,864691135639556411,267207,5P-IT
458,864691135777479597,258370,23P
459,864691135849279070,267317,MC
460,864691135591727115,291348,23P
461,864691136904590770,291304,23P
462,864691135346598047,255121,23P
463,864691135539658098,262996,4P
464,864691135916714854,294546,23P
465,864691135701687931,267197,5P-IT
466,864691135464162366,294498,23P
467,864691136311115610,258220,23P
468,864691134966014495,294378,23P
469,864691136904656818,292587,23P
470,864691135911559593,303090,5P-IT
471,864691135760319822,262534,4P
472,864691135939114293,344573,6P-IT
473,864691135773460043,294570,23P
474,864691136311213914,296530,BC
475,864691135615585739,256536,23P
476,864691135578197509,260509,4P
477,864691136436776094,311821,WM-P
478,864691135786943684,305227,6P-CT
479,864691136380400341,307230,6P-CT
480,864691135782330192,342338,6P-IT
481,864691135749135401,311962,6P-IT
482,864691135473464114,260745,4P
483,864691135273851665,256367,23P
484,864691135763549238,307081,6P-IT
485,864691136923321060,344331,6P-IT
486,864691135583156845,262942,4P
487,864691135595173675,298809,4P
488,864691136238083855,262929,4P
489,864691135919749808,309269,6P-IT
490,864691135101521952,296784,4P
491,864691135942643060,296528,4P
492,864691135059192987,271776,6P-IT
493,864691135731649465,255125,23P
494,864691135477448360,271686,6P-IT
495,864691135342591173,298953,4P
496,864691136578206228,307343,6P-CT
497,864691135293488822,292713,23P
498,864691135585503864,309563,6P-CT
499,864691136092638900,299034,4P
500,864691136674327431,258226,23P
501,864691135868142870,307243,6P-CT
502,864691136371339400,347172,6P-IT
503,864691136618496987,294543,23P
504,864691135725999019,300982,5P-IT
505,864691135395617525,260746,4P
506,864691135586925180,264624,5P-IT
507,864691135136188185,256470,23P
508,864691136042462038,294664,23P
509,864691136329317866,347212,Unsure
510,864691135725922731,298831,4P
511,864691136618795227,264798,5P-PT
512,864691135572712485,311843,6P-IT
513,864691136311179354,309281,6P-CT
514,864691135495529360,267010,BC
515,864691135688375264,256440,23P
516,864691135304552359,305057,6P-CT
517,864691136117834916,309170,6P-CT
518,864691135271282085,298704,4P
519,864691135013774070,306886,6P-U
520,864691135308295238,267206,Unsure E
521,864691135720061233,302840,5P-IT
522,864691136238090767,264846,5P-IT
523,864691134941385571,256600,23P
524,864691135569495532,300763,4P
525,864691135339296742,273959,6P-IT
526,864691136619828877,342342,6P-CT
527,864691135360301400,260559,4P
528,864691136663371742,266848,5P-IT
529,864691135763433270,258225,23P
530,864691135989828864,291119,23P
531,864691136487657234,271577,5P-NP
532,864691136052291827,292829,23P
533,864691135430736688,292577,23P
534,864691136445296003,294667,23P
535,864691135782134608,294694,23P
536,864691135234382937,294669,23P
537,864691136445237123,256469,23P
538,864691136674274951,294375,23P
539,864691135430346544,301122,5P-IT
540,864691135489434682,301029,5P-IT
541,864691135214123064,267295,5P-PT
542,864691137021054062,292837,23P
543,864691135303514791,255120,NGC
544,864691135777272416,312043,6P-IT
545,864691135976956995,264843,5P-IT
546,864691135105464653,269511,6P-U
547,864691135323572636,269325,6P-IT
548,864691135810803660,309274,6P-IT
549,864691135430131760,304979,6P-CT
550,864691135446166162,304962,6P-IT
551,864691135562147041,262937,4P
552,864691136620043149,258299,23P
553,864691135782241616,258217,23P
554,864691135498973715,256669,23P
555,864691135576872222,296742,4P
556,864691135759876686,269422,5P-NP
557,864691135849401950,298956,4P
558,864691135324475548,300817,5P-IT
559,864691135778212448,256449,23P
560,864691135975695983,309418,6P-U
561,864691135571847461,273958,6P-CT
562,864691135763402550,258372,23P
563,864691135778484669,306988,BC
564,864691136085781356,262775,4P
565,864691135939072821,304992,6P-IT
566,864691136903752626,305138,6P-IT
567,864691135808864797,296519,4P
568,864691135808857629,264988,4P
569,864691135849312350,299023,4P
570,864691135387918721,298893,5P-IT
571,864691136117885604,260643,4P
572,864691135585564280,296612,4P
573,864691135996290474,299070,5P-IT
574,864691136312492605,307132,6P-CT
575,864691135562048225,274060,6P-CT
576,864691135782983219,307094,6P-IT
577,864691135611019015,260729,4P
578,864691135398005537,342230,6P-CT
579,864691135777697453,264920,MC
580,864691135916660582,292637,23P
581,864691136974217244,274275,6P-IT
582,864691135617649257,303035,5P-IT
583,864691135595037739,296548,4P
584,864691135640297787,260647,4P
585,864691135503327069,306970,6P-CT
586,864691135685348023,303086,5P-NP
587,864691134948973308,262959,4P
588,864691136424252463,258401,23P
589,864691135810708172,256664,23P
590,864691135270753189,269593,6P-IT
591,864691136012637859,296503,4P
592,864691135569363948,309427,6P-IT
593,864691135280056225,300897,5P-PT
594,864691135975723119,298947,5P-IT
595,864691135801170018,258113,23P
596,864691135738868593,291299,23P
597,864691135339516390,262678,MC
598,864691135948010081,342328,6P-CT
599,864691135546161704,260543,4P
600,864691135738266500,309258,6P-CT
601,864691135777230432,311722,6P-IT
602,864691135136412697,269504,6P-IT
603,864691135473351730,256468,23P
604,864691135417307322,309220,6P-CT
605,864691135741431915,264935,5P-IT
606,864691135566274391,273961,6P-CT
607,864691135468225932,309426,6P-CT
608,864691134941063523,267183,5P-PT
609,864691135375633481,292669,BC
610,864691135801213026,292643,23P
611,864691135562001633,260803,BC
612,864691135715811610,309264,6P-IT
613,864691135763361078,256466,23P
614,864691136119883288,347177,Unsure I
615,864691135784088371,307001,6P-CT
616,864691135502903106,255215,23P
617,864691135014601110,264649,MC
618,864691135738691441,307025,6P-IT
619,864691135509890057,307147,MC
620,864691135517447891,262423,4P
621,864691135763431478,258224,23P
622,864691135566137175,273962,6P-CT
623,864691135610849031,292734,23P
624,864691135865669246,296419,4P
625,864691136135997579,291221,23P
626,864691136991328917,256552,23P
627,864691135101289504,294749,BC
628,864691136330622186,265008,5P-IT
629,864691135383136218,269472,5P-IT
630,864691136991202453,302951,5P-PT
631,864691135859917672,301100,5P-IT
632,864691135342518213,300819,5P-IT
633,864691135947258916,256607,23P
634,864691135890158729,291295,23P
635,864691136067205016,267194,5P-PT
636,864691135655526082,258289,23P
637,864691137021264750,267205,5P-PT
638,864691135135291673,269500,6P-IT
639,864691135066700868,292732,23P
640,864691136066728600,301218,BC
641,864691135323237532,294704,BPC
642,864691135335558377,296527,BPC
643,864691135617409385,302861,5P-PT
644,864691135430114352,347173,WM-P
645,864691135060018843,299064,4P
646,864691136903387826,307264,Unsure I
647,864691135992790209,260724,BPC
648,864691135272402193,347168,WM-P
649,864691136424566831,256510,23P
650,864691134949237756,262863,4P
651,864691135066231364,306977,6P-CT
652,864691136012173475,262909,BPC
653,864691136424428079,296739,4P
654,864691134886663674,301236,5P-IT
655,864691135271343525,258379,BPC
656,864691136330101226,303139,5P-PT
657,864691135583209069,296803,23P
658,864691135776412845,260817,Unsure E
659,864691135014734486,260712,23P
660,864691136267846388,262868,4P
661,864691135368295929,292867,BPC
662,864691135995711402,258362,BPC
663,864691136010068652,299027,5P-IT
664,864691136620069517,299088,4P
665,864691135694456767,262881,4P
666,864691136674194055,255214,23P
667,864691134965110559,267266,5P-IT
668,864691135976155459,255218,NGC
669,864691135476355136,262886,4P
670,864691136905076146,262686,4P
671,864691135585266808,302957,5P-PT
672,864691135105335373,309266,BPC
673,864691136144950580,298805,4P
674,864691135356398031,292666,23P
675,864691135701896315,258353,23P
676,864691136195767116,291316,23P
677,864691135941112486,262926,4P
678,864691135970442597,292820,23P
679,864691135476267328,294768,23P
680,864691136237292815,342105,6P-CT
681,864691135157310820,271569,BPC
682,864691135867826966,301227,BC
683,864691136523081105,296741,4P
684,864691135874894734,296724,4P
685,864691135569468396,299042,4P
686,864691135465113157,260842,4P
687,864691136663700958,258391,23P
688,864691135716429850,256597,23P
689,864691135571476973,307010,6P-IT
690,864691136926070090,307027,6P-IT
691,864691136228125521,294446,23P
692,864691136420210327,299083,4P
693,864691135915450982,255208,NGC
694,864691135562123489,262654,4P
695,864691136603342033,299072,4P
696,864691135868386070,296745,4P
697,864691134886335738,260727,23P
698,864691135386940245,258281,BPC
699,864691137021245294,262813,4P
700,864691135955262472,299073,4P
701,864691135323181212,292864,MC
702,864691135741197716,262872,4P
703,864691136012739747,260632,4P
704,864691135577956101,258365,BPC
705,864691135877467731,292718,23P
706,864691136923915748,344421,6P-IT
707,864691136975088156,296788,4P
708,864691135955081992,291342,23P
709,864691135684809458,309459,6P-IT
710,864691135990134784,260740,4P
711,864691135684719543,271688,6P-CT
712,864691136618908301,258293,BPC
713,864691135388119169,262780,4P
714,864691135816849487,294691,23P
715,864691135211568576,296532,4P
716,864691135385988693,306956,6P-IT
717,864691137198748225,292901,23P
718,864691136312407357,309352,6P-CT
719,864691135014305270,262885,4P
720,864691135441138248,271772,6P-CT
721,864691135355455183,307126,Unsure I
722,864691134948899324,260697,23P
723,864691135868415766,305238,5P-NP
724,864691135464044445,292951,23P
725,864691135731656633,255212,23P
726,864691136424357167,296728,23P
727,864691136664300254,301216,5P-IT
728,864691135293740556,307004,6P-CT
729,864691135157251684,296602,4P
730,864691136042322774,267192,BC
731,864691135993020097,256507,23P
732,864691135213920128,267188,5P-NP
733,864691135136166681,256625,23P
734,864691136363161570,342231,6P-IT
735,864691134941217635,292751,23P
736,864691135885361520,311769,6P-U
737,864691135750273833,262804,4P
738,864691135571154925,286641,NGC
739,864691135566325527,296761,4P
740,864691135694406335,299019,4P
741,864691135157198692,260700,23P
742,864691135279452833,271673,MC
743,864691135479830982,299068,4P
744,864691135164057645,299079,4P
745,864691135476373568,298873,4P
746,864691135136325657,258352,23P
747,864691135404765166,269585,MC
748,864691136437698206,296786,4P
749,864691135655627458,303048,5P-PT
750,864691135398051105,342109,6P-IT
751,864691136602069713,301239,MC
752,864691136297423643,307009,6P-CT
753,864691136967498702,299067,4P
754,864691135182457602,307091,6P-IT
755,864691135848520030,305045,6P-IT
756,864691135838749331,296517,4P
757,864691135849352030,294545,23P
758,864691135591533579,344546,6P-IT
759,864691136311267930,294646,23P
760,864691136674783111,294562,23P
761,864691135977162051,307190,6P-CT
762,864691136484364844,269476,6P-CT
763,864691135874901134,298789,4P
764,864691135335937513,296634,4P
765,864691136067090584,298950,4P
766,864691135885406064,303087,5P-IT
767,864691135214356280,260739,4P
768,864691136619890829,260612,4P
769,864691135865305820,306964,6P-IT
770,864691136117613476,291176,23P
771,864691135156248932,271690,6P-CT
772,864691136052876019,292721,BPC
773,864691135941112998,298942,4P
774,864691135655615426,262935,4P
775,864691135568484588,301220,5P-IT
776,864691136522208913,309498,6P-U
777,864691134965010207,269613,6P-CT
778,864691135941435393,296547,4P
779,864691135731707065,307236,6P-U
780,864691135865975260,301030,BPC
781,864691135257689519,307139,6P-CT
782,864691134919019274,299043,4P
783,864691134886392570,262889,4P
784,864691135491977959,292720,23P
785,864691135773074683,271884,6P-IT
786,864691135616543593,307049,6P-CT
787,864691136674744199,296910,4P
788,864691136313301565,298773,5P-IT
789,864691136452543231,274058,6P-IT
790,864691135375351369,296725,4P
791,864691136617862619,269502,6P-CT
792,864691135655390658,291315,23P
793,864691135561619681,265035,BC
794,864691136420225943,298800,4P
795,864691134948983804,307113,6P-IT
796,864691136389322512,344441,6P-CT
797,864691135697271450,304980,BPC
798,864691135755229901,294670,23P
799,864691135694264511,296760,4P
800,864691135866927493,292858,23P
801,864691137055326070,298951,4P
802,864691136021595384,262805,BC
803,864691135570610566,306958,6P-CT
804,864691136117811876,309213,6P-CT
805,864691136090728503,309208,6P-IT
806,864691135874709390,269709,6P-IT
807,864691135890203529,309257,6P-CT
808,864691135491949287,258369,23P
809,864691136966095310,346928,Unsure
810,864691135725920939,260504,4P
811,864691135465034821,298934,4P
812,864691135688387040,260690,4P
813,864691136033226939,294494,23P
814,864691135594982187,262673,4P
815,864691136009982124,299091,4P
816,864691135359413848,262692,BPC
817,864691136119752216,292889,23P
818,864691136010027182,303158,5P-IT
819,864691135725509547,309200,6P-IT
820,864691136618739163,298895,4P
821,864691135868284438,344210,6P-CT
822,864691135569592300,298791,4P
823,864691135395846901,262696,4P
824,864691137197606209,307006,6P-IT
825,864691135701676411,294657,23P
826,864691135517665235,298946,4P
827,864691136975144988,294682,23P
828,864691135479592902,292719,23P
829,864691136195607510,298827,4P
830,864691135954940424,298829,BPC
831,864691135725748139,298919,4P
832,864691135293398284,309268,Unsure I
833,864691136420011415,296618,4P
834,864691135361548615,269471,5P-IT
835,864691135539763826,301246,5P-IT
836,864691136904509106,292712,23P
837,864691135101452320,262814,4P
838,864691135754773709,298894,BPC
839,864691135942730612,307234,6P-CT
840,864691136227297105,342238,Unsure I
841,864691135502268738,307021,6P-IT
842,864691135067197252,262932,4P
843,864691135502446429,309273,6P-CT
844,864691135916776038,309388,6P-IT
845,864691135740857707,309153,6P-CT
846,864691135566175255,301241,4P
847,864691136144674612,258307,23P
848,864691135463255358,311845,6P-IT
849,864691135211620800,298944,4P
850,864691136372251528,301101,BC
851,864691136602471889,304975,6P-CT
852,864691136042486358,258348,23P
853,864691136101414517,301319,4P
854,864691135586346876,301203,5P-IT
855,864691134989922682,262636,4P
856,864691136274502334,301102,4P
857,864691135948238177,309239,6P-CT
858,864691136725071101,262910,4P
859,864691136125339174,262899,4P
860,864691135970293605,307141,6P-CT
861,864691136110303416,298941,4P
862,864691136091087927,262946,4P
863,864691136119999256,260596,4P
864,864691135890286985,269591,5P-IT
865,864691135566123607,296507,23P
866,864691135510406921,296743,23P
867,864691136125110310,304974,6P-CT
868,864691134965898271,296779,4P
869,864691135101307680,258388,23P
870,864691136101320309,305059,6P-IT
871,864691135510079753,296535,4P
872,864691136903700402,309538,6P-U
873,864691135938925109,309479,6P-IT
874,864691135059995035,294502,23P
875,864691135865774206,260624,4P
876,864691135293436854,262677,4P
877,864691136090670903,292700,23P
878,864691136619896973,305061,6P-CT
879,864691136092046516,300952,Unsure E
880,864691135782514768,296727,4P
881,864691135346975135,303169,5P-IT
882,864691136673760647,309240,6P-IT
883,864691136228499537,274163,6P-IT
884,864691135989943040,260705,4P
885,864691135617364585,298769,4P
886,864691134886404090,264888,5P-IT
887,864691135688407776,273955,6P-CT
888,864691136239098428,307135,6P-U
889,864691135491139303,309386,6P-IT
890,864691136488307218,342450,6P-IT
891,864691136420045207,296680,4P
892,864691135808058141,305051,6P-IT
893,864691135989998080,307074,6P-CT
894,864691135990004992,262699,4P
895,864691135360302680,298815,4P
896,864691136101340021,260518,4P
897,864691135280028065,264990,4P
898,864691136228723281,304986,5P-NP
899,864691136090942775,262810,4P
900,864691136119957272,298790,4P
901,864691136444382595,304988,6P-CT
902,864691136617778907,267007,5P-IT
903,864691135468212364,271687,6P-CT
904,864691135113752473,311807,6P-IT
905,864691136619996557,269609,6P-CT
906,864691136101385077,262892,4P
907,864691135339351014,262893,4P
908,864691135801376610,271774,6P-CT
909,864691135808719133,291160,23P
910,864691135503367517,305136,6P-CT
911,864691137198821185,298811,4P
912,864691134948652540,304990,BC
913,864691136742244188,296511,4P
914,864691136725020413,299060,4P
915,864691134949072124,298788,4P
916,864691135866279900,309253,6P-CT
917,864691135495704208,296613,23P
918,864691135810059212,306962,6P-IT
919,864691135801372514,292826,23P
920,864691135595060523,269409,6P-IT
921,864691135927935444,298958,4P
922,864691135324361372,298824,4P
923,864691135569636588,264884,4P
924,864691135464101789,292822,23P
925,864691135569128940,307077,6P-IT
926,864691134949263100,265033,5P-IT
927,864691135562004193,262691,4P
928,864691135740913300,256427,23P
929,864691135920232624,262786,4P
930,864691135387988609,260592,4P
931,864691135993150913,292708,23P
932,864691135538812530,301116,5P-IT
933,864691135519178378,342344,6P-CT
934,864691135816154191,309250,6P-IT
935,864691135941293057,309270,6P-CT
936,864691135104700749,307178,6P-CT
937,864691136194658774,309494,6P-IT
938,864691135472556082,309508,BC
939,864691135741963627,296619,4P
940,864691135396580129,296758,BC
941,864691135455533162,307109,6P-CT
942,864691136523033233,305228,6P-IT
943,864691135976063855,298917,4P
944,864691135741022356,267180,5P-IT
945,864691135591803147,262815,4P
946,864691136444386947,306976,6P-CT
947,864691135527472987,294652,23P
948,864691136975170332,258360,23P
949,864691134949350652,296681,4P
950,864691134919019786,301096,4P
951,864691136267801588,303067,5P-IT
952,864691135367232761,262777,Unsure E
953,864691135782278224,309390,6P-IT
954,864691135810773452,296540,4P
955,864691135342768817,298938,4P
956,864691135561699041,264792,MC
957,864691135740724628,256514,BC
958,864691135538831474,300907,5P-IT
959,864691134949041148,309331,6P-IT
960,864691135123833127,307237,6P-CT
961,864691135773271627,267287,5P-IT
962,864691136389885047,309523,6P-CT
963,864691136975099164,294453,23P
964,864691135498997267,269509,6P-IT
965,864691135136312089,309327,6P-CT
966,864691136389585015,298937,MC
967,864691135572710949,258291,23P
968,864691136009045420,311752,6P-IT
969,864691136106136537,344442,6P-IT
970,864691135195002154,344319,6P-IT
971,864691135571817509,309267,6P-CT
972,864691136662695902,311914,6P-IT
973,864691136057922264,262787,5P-IT
974,864691135562209249,294673,23P
975,864691136237244431,311619,6P-IT
976,864691135660772080,292670,MC
977,864691136904595890,292737,23P
978,864691136484208172,255156,23P
979,864691135646017007,300986,5P-IT
980,864691135938990901,309338,6P-CT
981,864691136066078616,346889,6P-IT
982,864691135105563469,256610,23P
983,864691135430286384,262700,4P
984,864691135778335328,271887,6P-CT
985,864691135546152232,294504,23P
986,864691136021797624,294663,23P
987,864691136974899484,304958,6P-CT
988,864691135919956656,294565,23P
989,864691135279678881,306953,6P-IT
990,864691135118436573,309526,6P-CT
991,864691137198844737,307092,6P-IT
992,864691135927533070,309351,6P-IT
993,864691135955232264,301198,5P-IT
994,864691135645874159,292833,23P
995,864691135849300318,303002,5P-IT
996,864691135479718854,294549,23P
997,864691135195880234,298803,4P
998,864691135492613471,256459,23P
999,864691136143786292,255129,MC
1000,864691136488821266,294465,23P
1001,864691135759735630,309330,6P-IT
1002,864691136904998834,260587,4P
1003,864691135916843366,299069,4P
1004,864691135339258086,344547,6P-IT
1005,864691136176750854,264989,5P-IT
1006,864691135773033723,292725,23P
1007,864691135848466782,273952,6P-IT
1008,864691135233682265,309345,6P-IT
1009,864691135566122071,271983,6P-U
1010,864691135953216547,294825,MC
1011,864691136100560501,306967,6P-IT
1012,864691134966005023,260713,4P
1013,864691135014256630,307235,6P-CT
1014,864691135975886447,255213,23P
1015,864691135132887456,291122,NGC
1016,864691135447312274,301224,5P-IT
1017,864691134886653434,267195,5P-IT
1018,864691135865648254,269411,6P-IT
1019,864691135816993615,260536,4P
1020,864691134949095932,309514,6P-U
1021,864691136005322698,292649,BC
1022,864691136579091988,292678,23P
1023,864691135640484411,265036,BC
1024,864691136925825354,305233,BC
1025,864691135572576237,256638,23P
1026,864691135725838763,271881,6P-IT
1027,864691135778611901,307112,6P-IT
1028,864691135617640041,258285,23P
1029,864691137055367798,296666,4P
1030,864691135271038885,256451,23P
1031,864691136195437526,292647,23P
1032,864691136904967346,272001,6P-CT
1033,864691135970572133,260620,BC
1034,864691136136089483,296615,4P
1035,864691135572292333,267261,5P-IT
1036,864691135455513194,305173,6P-IT
1037,864691135384292843,296661,4P
1038,864691135361314119,292709,23P
1039,864691134885430010,304951,6P-IT
1040,864691135163673901,300902,5P-IT
1041,864691135773342203,300958,5P-IT
1042,864691135503259997,262707,4P
1043,864691135502748482,264885,5P-IT
1044,864691135741175444,301245,BC
1045,864691134949248508,301192,5P-IT
1046,864691135661637872,256622,BC
1047,864691135503611829,262820,4P
1048,864691135993274305,309206,6P-CT
1049,864691135511977680,296611,4P
1050,864691135817195343,269576,6P-IT
1051,864691136389921911,294576,23P
1052,864691135276234469,294499,23P
1053,864691135955298824,255217,23P
1054,864691136389878647,292824,23P
1055,864691135157210468,260526,4P
1056,864691136813080435,309512,6P-IT
1057,864691136420056215,296546,4P
1058,864691135659140738,274161,6P-IT
1059,864691135494707344,271873,6P-IT
1060,864691136298125851,258230,23P
1061,864691135591687691,258363,23P
1062,864691135884569456,305184,6P-CT
1063,864691135308673094,298872,4P
1064,864691135492718431,271766,6P-IT
1065,864691135183251970,294493,23P
1066,864691135614687435,300969,5P-IT
1067,864691135928029652,292890,NGC
1068,864691136926010954,311953,6P-IT
1069,864691135614771147,296726,23P
1070,864691135727041855,260623,4P
1071,864691136021865976,296641,4P
1072,864691135700966011,271695,6P-IT
1073,864691135257669039,258377,23P
1074,864691136052366067,291177,23P
1075,864691136664301278,262799,5P-IT
1076,864691135464263742,267165,5P-IT
1077,864691136424154927,292656,23P
1078,864691135398107425,258361,23P
1079,864691136298139675,304972,6P-IT
1080,864691134918921738,296928,4P
1081,864691135270780837,292832,NGC
1082,864691135491817063,307202,6P-IT
1083,864691135360300632,304994,6P-IT
1084,864691135133295776,344443,6P-CT
1085,864691136953264095,294822,23P
1086,864691135577501445,311867,6P-IT
1087,864691136420507799,255219,23P
1088,864691135618414991,309355,6P-IT
1089,864691135279806113,264924,4P
1090,864691135572641261,305219,6P-IT
1091,864691136195284556,269485,MC
1092,864691136967478222,303138,5P-IT
1093,864691136445277315,256458,23P
1094,864691135576839710,292659,23P
1095,864691135417313722,260722,23P
1096,864691136725032701,260548,4P
1097,864691135404857070,256517,23P
1098,864691135639451195,307087,6P-IT
1099,864691135639221307,311789,WM-P
1100,864691137198458177,256766,23P
1101,864691135694299583,296550,4P
1102,864691135257371823,309348,6P-CT
1103,864691135694210751,307177,6P-CT
1104,864691137021382510,292648,23P
1105,864691135276504549,256519,23P
1106,864691135476311616,262809,4P
1107,864691136238652476,269334,MC
1108,864691135781417296,344563,6P-IT
1109,864691135510120201,301189,5P-IT
1110,864691135953658659,294860,23P
1111,864691136175901190,267272,5P-IT
1112,864691135519240586,258229,23P
1113,864691136742067804,294684,23P
1114,864691135988769027,294535,23P
1115,864691135942612340,256461,23P
1116,864691135430097712,262688,4P
1117,864691135719900721,262925,4P
1118,864691135464946757,305046,BC
1119,864691135947283492,256435,23P
1120,864691135970226021,292945,23P
1121,864691136483549484,347197,6P-IT
1122,864691136195901772,342233,6P-CT
1123,864691135591548171,309416,6P-IT
1124,864691135273378321,309263,6P-CT
1125,864691135970263141,292861,23P
1126,864691135491853159,262779,NGC
1127,864691135404860654,256422,23P
1128,864691136913135089,307287,Unsure I
1129,864691136033556667,262891,5P-IT
1130,864691135919630768,260505,MC
1131,864691135942968436,264889,5P-IT
1132,864691136090326071,301240,5P-IT
1133,864691134990072698,347053,WM-P
1134,864691135773034827,309533,6P-CT
1135,864691134919349258,258232,23P
1136,864691135716428314,292744,23P
1137,864691136579129364,262687,4P
1138,864691136195818828,292714,23P
1139,864691135308503622,347055,WM-P
1140,864691135947023969,303172,BC
1141,864691135763491126,271770,6P-IT
1142,864691136134754443,311753,WM-P
1143,864691135842486243,294715,23P
1144,864691135702298491,305290,6P-IT
1145,864691135417236410,292655,23P
1146,864691135694246079,296648,23P
1147,864691135694421439,304981,6P-IT
1148,864691135066631492,300978,5P-IT
1149,864691135404230382,346873,6P-U
1150,864691135976729667,291125,NGC
1151,864691136137288573,305067,6P-IT
1152,864691136523427985,264997,5P-IT
1153,864691136926764362,307035,6P-CT
1154,864691135946994785,309376,BC
1155,864691135816793679,292842,23P
1156,864691134966099231,305181,6P-IT
1157,864691136042472534,305199,6P-U
1158,864691136991359893,296650,4P
1159,864691135455793770,292856,23P
1160,864691135464025245,291099,23P
1161,864691135013130742,307089,6P-IT
1162,864691135754343117,304955,6P-IT
1163,864691136488742418,294505,23P
1164,864691135927509716,301120,BC
1165,864691135688350944,256537,23P
1166,864691135763473974,296551,23P
1167,864691136311143258,305200,6P-IT
1168,864691135877954899,267260,5P-IT
1169,864691137198691137,256609,23P
1170,864691136101343093,307222,6P-CT
1171,864691135772774651,260541,MC
1172,864691136603306193,307203,6P-U
1173,864691135572202733,294548,23P
1174,864691136812536179,271778,6P-IT
1175,864691135448002132,269595,6P-CT
1176,864691135339530726,262655,4P
1177,864691135738921329,292728,23P
1178,864691135801435490,294557,23P
1179,864691136025333561,298914,5P-IT
1180,864691136052688115,298863,4P
1181,864691136125099814,258295,23P
1182,864691135209432185,260603,4P
1183,864691135234582361,309396,6P-CT
1184,864691135503188917,260707,MC
1185,864691135566135127,292736,23P
1186,864691136021849848,344561,6P-U
1187,864691135464799813,258208,23P
1188,864691135584464504,269498,6P-CT
1189,864691136452609023,264776,5P-IT
1190,864691136618553563,260549,4P
1191,864691136311451226,307078,6P-IT
1192,864691135808473885,301085,MC
1193,864691135519025802,256531,23P
1194,864691135941276838,258316,23P
1195,864691135801393250,344661,6P-IT
1196,864691135163006509,301083,5P-IT
1197,864691135361464135,292682,23P
1198,864691135293152438,256443,23P
1199,864691135572654885,292727,23P
1200,864691135480090822,298957,BC
1201,864691136923436004,305032,6P-CT
1202,864691135463260222,309251,6P-IT
1203,864691135778465376,342110,6P-U
1204,864691136363275746,298812,4P
1205,864691134918642954,269505,Unsure I
1206,864691136579098388,294584,23P
1207,864691135213953920,271886,BC
1208,864691136136287883,307270,6P-CT
1209,864691135778889405,344423,6P-CT
1210,864691135970210661,267193,5P-IT
1211,864691135993429185,298774,5P-IT
1212,864691135810875852,307129,6P-IT
1213,864691135568917740,301182,5P-IT
1214,864691135807648541,292624,NGC
1215,864691135777768125,309627,6P-IT
1216,864691135725736107,298806,4P
1217,864691135271077541,296554,4P
1218,864691136419212183,304963,6P-IT
1219,864691136066153880,306984,6P-CT
1220,864691135726939455,292860,23P
1221,864691135876648019,309541,6P-IT
1222,864691135916832614,267168,Unsure E
1223,864691135702314619,264928,5P-IT
1224,864691135476495936,296510,4P
1225,864691135572082925,303085,MC
1226,864691135335733481,292676,23P
1227,864691135571546917,264824,MC
1228,864691136052745971,292881,23P
1229,864691135726140843,260521,4P
1230,864691136445280131,292674,23P
1231,864691135756145106,258231,23P
1232,864691135946169124,311894,6P-IT
1233,864691135659152002,256423,23P
1234,864691135430186032,267381,5P-PT
1235,864691136618675163,264900,4P
1236,864691136372012168,344554,6P-CT
1237,864691135801267554,292743,23P
1238,864691136287648195,305197,6P-U
1239,864691135939017525,262782,4P
1240,864691135640325435,296628,23P
1241,864691136090602551,256439,23P
1242,864691135274038801,294510,23P
1243,864691135947027809,315810,Unsure
1244,864691135857570862,306982,6P-CT
1245,864691135123815975,294496,23P
1246,864691135346954143,298796,MC
1247,864691135383106522,342334,6P-IT
1248,864691135782265936,296598,4P
1249,864691135577012766,292673,23P
1250,864691135865240702,296738,BC
1251,864691136106568409,298897,BC
1252,864691135868118038,256437,23P
1253,864691135947360292,256436,23P
1254,864691136904296370,269601,6P-IT
1255,864691136967128270,294481,23P
1256,864691135954150435,256424,BC
1257,864691136025099065,294583,23P
1258,864691135455400554,258284,23P
1259,864691136389875831,292646,23P
1260,864691136522218129,264987,5P-IT
1261,864691135339208934,256535,23P
1262,864691136674203015,256548,23P
1263,864691136674495623,300955,5P-IT
1264,864691135511151056,305068,6P-IT
1265,864691135838916755,258216,23P
1266,864691134989919098,342331,6P-CT
1267,864691135304694183,258222,23P
1268,864691135361572935,307206,6P-IT
1269,864691136090859831,300975,5P-IT
1270,864691135576881950,260618,23P
1271,864691135082840567,298930,BC
1272,864691135430356784,301112,5P-IT
1273,864691135211655360,300931,5P-IT
1274,864691136904594610,258223,23P
1275,864691135502190941,267293,BC
1276,864691135655610562,260519,BC
1277,864691136195820620,294449,23P
1278,864691135479744454,311793,6P-IT
1279,864691135778740413,294536,23P
1280,864691135865539454,256522,23P
1281,864691135786698436,258209,23P
1282,864691136090991415,305182,BC
1283,864691136926062410,305198,6P-CT
1284,864691135688446944,260516,23P
1285,864691135954021923,264918,5P-IT
1286,864691135539486066,292747,23P
1287,864691135566237527,256544,23P
1288,864691136012619939,303149,MC
1289,864691135952250403,311979,WM-P
1290,864691135617152361,301095,5P-IT
1291,864691135276132325,258202,23P
1292,864691135658547330,305222,6P-U
1293,864691135274631397,294561,NGC
1294,864691135938604804,294539,23P
1295,864691136274270477,344453,6P-IT
1296,864691135773073147,258245,23P
1297,864691135778811325,294500,23P
1298,864691135304641703,256509,23P
1299,864691136380268245,291113,23P
1300,864691135395641589,309480,MC
1301,864691135884216688,311978,WM-P
1302,864691135777521837,292684,23P
1303,864691135738064753,311757,6P-CT
1304,864691135416883386,304976,6P-IT
1305,864691137055544438,256444,23P
1306,864691135726971967,256606,23P
1307,864691137055290998,309467,Unsure I
1308,864691136424640047,302975,5P-IT
1309,864691135994842538,311990,WM-P
1310,864691136273370302,303236,NGC
1311,864691136904615602,258241,23P
1312,864691136136516747,303097,5P-IT
1313,864691135782156880,294568,23P
1314,864691135473346354,292711,23P
1315,864691135809064221,300956,5P-IT
1316,864691135464128062,292667,23P
1317,864691136210743740,264893,5P-IT
1318,864691136311114330,294547,23P
1319,864691135786030020,269406,6P-IT
1320,864691135323473308,307093,6P-IT
1321,864691136100516469,302998,5P-IT
1322,864691135489677882,294491,23P
1323,864691136330407914,258297,23P
1324,864691135867009413,258301,23P
1325,864691135994804394,309481,BC
1326,864691136052101363,305048,BC
1327,864691135701557115,305070,MC
1328,864691136618688219,301193,BC
1329,864691135343102641,301225,5P-IT
1330,864691135585431416,307176,6P-IT
1331,864691135778290109,309279,BC
1332,864691135996104618,305354,BC
1333,864691135884487280,311964,6P-IT
1334,864691135808982045,267068,BC
1335,864691136419797655,303066,5P-PT
1336,864691135919633840,312015,WM-P
1337,864691136362774498,303046,5P-PT
1338,864691135778700477,256456,23P
1339,864691135773435723,267185,5P-IT
1340,864691136487168530,307012,Unsure I
1341,864691135640544571,303144,5P-PT
1342,864691135465381701,302962,BC
1343,864691135492080871,256529,23P
1344,864691135755272141,302972,5P-PT
1345,864691135566168599,303095,5P-PT
1346,864691135498760723,267038,5P-PT
1347,864691135948123745,267307,5P-PT
1348,864691136313000765,267008,5P-PT
1349,864691135777457853,347181,WM-P
1350,864691136024995385,303032,5P-PT
1351,864691135702167419,303137,5P-PT
1352,864691135503182685,267029,5P-PT
1353,864691136335150259,267294,5P-PT
1354,864691135688186080,303145,5P-PT
1355,864691135503435613,302955,5P-PT
1356,864691135489514810,267033,5P-PT
